City_ID,City,Country,Date,Lat,Lng,Max Temp,Humidity,Cloudiness,Wind Speed
0,Hermanus,ZA,2021-09-09 04:30:44,-34.4187,19.2345,51.91,83,98,14.74
1,Abonnema,NG,2021-09-09 04:30:45,4.7084,6.7931,75.43,93,96,3.76
2,Hay River,CA,2021-09-09 04:28:39,60.8156,-115.7999,55.38,94,90,2.3
3,Atuona,PF,2021-09-09 04:30:45,-9.8,-139.0333,78.1,76,0,17.67
4,Laguna,US,2021-09-09 04:30:45,38.421,-121.4238,91.85,37,1,1.99
5,Georgetown,MY,2021-09-09 04:28:56,5.4112,100.3354,82.89,79,20,1.01
6,Khatanga,RU,2021-09-09 04:30:46,71.9667,102.5,62.15,58,92,9.08
7,Bluff,NZ,2021-09-09 04:30:46,-46.6,168.3333,55.8,67,100,34.14
8,Thompson,CA,2021-09-09 04:30:46,55.7435,-97.8558,51.96,100,75,0.0
9,Tanete,ID,2021-09-09 04:30:46,-3.9443,119.7848,89.24,51,56,14.38
10,Ponta Do Sol,PT,2021-09-09 04:30:47,32.6667,-17.1,74.03,80,5,1.3
11,El Jicaro,GT,2021-09-09 04:30:47,14.9167,-89.9,73.9,95,80,0.87
12,Havelock,US,2021-09-09 04:27:13,34.8791,-76.9013,81.95,91,75,0.0
13,Dikson,RU,2021-09-09 04:30:47,73.5069,80.5464,41.72,88,74,13.44
14,Saskylakh,RU,2021-09-09 04:30:48,71.9167,114.0833,55.54,43,100,13.18
15,Hobart,AU,2021-09-09 04:28:22,-42.8794,147.3294,53.46,83,90,8.99
16,Half Moon Bay,US,2021-09-09 04:30:21,37.4636,-122.4286,81.9,80,1,0.0
17,Kumluca,TR,2021-09-09 04:30:48,36.3703,30.2869,78.49,57,0,1.74
18,Kruisfontein,ZA,2021-09-09 04:30:48,-34.0033,24.7314,49.32,87,100,5.61
19,Airai,TL,2021-09-09 04:30:49,-8.9266,125.4092,71.01,57,88,5.86
20,Verkhovazhye,RU,2021-09-09 04:30:49,60.7472,42.0465,51.66,91,100,10.18
21,Padang,ID,2021-09-09 04:28:38,-0.9492,100.3543,84.25,69,32,4.5
22,Aswan,EG,2021-09-09 04:30:49,24.0934,32.907,85.3,26,0,11.5
23,Esperance,AU,2021-09-09 04:30:50,-33.8667,121.9,67.84,76,99,14.43
24,Pevek,RU,2021-09-09 04:30:50,69.7008,170.3133,32.27,79,48,19.42
25,Dong Xoai,VN,2021-09-09 04:30:51,11.5333,106.9167,81.75,86,100,6.78
26,Mahibadhoo,MV,2021-09-09 04:30:52,3.7833,72.9667,81.97,68,79,2.57
27,Ilulissat,GL,2021-09-09 04:30:52,69.2167,-51.1,30.22,86,90,14.97
28,Savannah Bight,HN,2021-09-09 04:30:52,16.45,-85.85,82.99,82,6,21.59
29,Mountain Home,US,2021-09-09 04:30:53,43.133,-115.6912,75.94,33,1,4.61
30,Chuy,UY,2021-09-09 04:30:53,-33.6971,-53.4616,53.65,92,73,12.84
31,Saint-Philippe,RE,2021-09-09 04:30:53,-21.3585,55.7679,73.22,69,35,8.63
32,Rio Gallegos,AR,2021-09-09 04:30:54,-51.6226,-69.2181,44.65,81,75,5.75
33,Faanui,PF,2021-09-09 04:30:54,-16.4833,-151.75,78.76,72,14,10.92
34,Punta Arenas,CL,2021-09-09 04:30:06,-53.15,-70.9167,39.31,81,20,10.36
35,Barrow,US,2021-09-09 04:30:54,71.2906,-156.7887,39.22,87,1,4.61
36,Ushuaia,AR,2021-09-09 04:27:56,-54.8,-68.3,40.66,87,0,4.61
37,Victoria,HK,2021-09-09 04:28:01,22.2855,114.1577,92.97,67,6,5.44
38,Kapaa,US,2021-09-09 04:30:55,22.0752,-159.319,84.18,72,40,4.0
39,Huilong,CN,2021-09-09 04:30:55,31.8111,121.655,84.04,79,89,12.93
40,Ostrovnoy,RU,2021-09-09 04:30:55,68.0531,39.5131,40.17,83,99,20.65
41,Kodiak,US,2021-09-09 04:27:59,57.79,-152.4072,53.11,94,90,14.97
42,Baft,IR,2021-09-09 04:30:56,29.234,56.6057,74.44,13,28,1.5
43,Straumen,NO,2021-09-09 04:30:56,63.8709,11.2999,51.8,95,100,3.78
44,Doha,QA,2021-09-09 04:28:07,25.2867,51.5333,93.18,61,50,9.22
45,Geraldton,AU,2021-09-09 04:30:57,-28.7667,114.6,75.61,73,75,19.57
46,Havre-Saint-Pierre,CA,2021-09-09 04:30:57,50.2334,-63.5986,57.56,94,75,9.22
47,Barra Do Garcas,BR,2021-09-09 04:30:57,-15.89,-52.2567,80.42,36,68,4.05
48,Port Elizabeth,ZA,2021-09-09 04:30:58,-33.918,25.5701,52.09,93,0,4.61
49,Bonthe,SL,2021-09-09 04:30:58,7.5264,-12.505,76.6,92,100,4.81
50,Lubango,AO,2021-09-09 04:30:58,-14.9172,13.4925,58.95,53,4,3.58
51,Pudozh,RU,2021-09-09 04:30:58,61.8099,36.5345,50.83,87,71,9.33
52,Sioux Lookout,CA,2021-09-09 04:30:59,50.1001,-91.917,55.78,100,40,4.61
53,Vestmannaeyjar,IS,2021-09-09 04:30:59,63.4427,-20.2734,52.23,66,83,3.47
54,Jacareacanga,BR,2021-09-09 04:31:00,-6.2222,-57.7528,71.46,97,72,2.57
55,Khani,GE,2021-09-09 04:31:00,41.9563,42.9566,54.97,67,5,2.68
56,Cape Town,ZA,2021-09-09 04:29:08,-33.9258,18.4232,52.12,93,0,2.3
57,Hilo,US,2021-09-09 04:31:01,19.7297,-155.09,80.33,74,75,9.22
58,Sakaraha,MG,2021-09-09 04:31:01,-22.9,44.5333,67.19,44,0,5.1
59,Busselton,AU,2021-09-09 04:31:01,-33.65,115.3333,56.05,87,100,4.14
60,Santa Cruz,BO,2021-09-09 04:28:06,-17.8,-63.1667,67.46,68,75,18.41
61,Port Alfred,ZA,2021-09-09 04:31:01,-33.5906,26.891,57.76,77,93,3.47
62,Methoni,GR,2021-09-09 04:31:02,36.8197,21.7049,68.22,72,47,5.68
63,Saint George,US,2021-09-09 04:26:10,37.1041,-113.5841,92.95,14,1,1.99
64,Cherskiy,RU,2021-09-09 04:31:02,68.75,161.3,36.48,79,98,19.89
65,Iqaluit,CA,2021-09-09 04:31:02,63.7506,-68.5145,44.33,65,40,10.36
66,Maxixe,MZ,2021-09-09 04:31:03,-23.8597,35.3472,70.59,79,65,6.33
67,Hvolsvollur,IS,2021-09-09 04:31:03,63.7533,-20.2243,43.81,77,41,4.27
68,Alofi,NU,2021-09-09 04:31:03,-19.0595,-169.9187,78.69,89,43,9.22
69,Butaritari,KI,2021-09-09 04:31:04,3.0707,172.7902,83.61,72,9,14.56
70,Bethel,US,2021-09-09 04:31:04,41.3712,-73.414,75.56,85,40,8.05
71,Constitucion,CL,2021-09-09 04:31:04,-35.3333,-72.4167,49.35,77,4,6.44
72,Waddan,LY,2021-09-09 04:31:05,29.1614,16.139,72.73,68,0,5.21
73,Lakes Entrance,AU,2021-09-09 04:31:05,-37.8811,147.981,74.16,41,100,12.82
74,Saint-Pierre,RE,2021-09-09 04:31:05,-21.3393,55.4781,73.29,58,0,5.75
75,Labuhan,ID,2021-09-09 04:31:06,-6.8844,112.2051,87.82,52,49,6.87
76,Tazovskiy,RU,2021-09-09 04:31:06,67.4667,78.7,47.19,61,73,3.91
77,New Norfolk,AU,2021-09-09 04:31:06,-42.7826,147.0587,53.1,75,100,1.99
78,Guangyuan,CN,2021-09-09 04:31:07,32.442,105.823,82.56,60,62,4.38
79,Albany,US,2021-09-09 04:27:34,42.6001,-73.9662,66.27,95,100,2.82
80,San Andres,CO,2021-09-09 04:28:47,12.5847,-81.7006,78.82,94,75,0.0
81,Saratov,RU,2021-09-09 04:31:07,51.5667,46.0333,53.92,50,45,16.35
82,Beyneu,KZ,2021-09-09 04:31:08,45.3167,55.2,63.86,21,2,6.44
83,Rikitea,PF,2021-09-09 04:31:08,-23.1203,-134.9692,74.19,79,46,17.67
84,Yatou,CN,2021-09-09 04:31:08,37.15,122.3833,76.39,64,3,13.18
85,Narsaq,GL,2021-09-09 04:31:08,60.9167,-46.05,39.42,82,17,2.55
86,Ancud,CL,2021-09-09 04:31:09,-41.8697,-73.8203,49.53,89,100,6.6
87,Bayir,TR,2021-09-09 04:31:09,37.2687,28.2167,56.23,70,0,1.97
88,Fairbanks,US,2021-09-09 04:30:00,64.8378,-147.7164,58.1,75,1,0.0
89,Alta Floresta,BR,2021-09-09 04:31:09,-9.8756,-56.0861,73.0,83,76,3.27
90,Castro,BR,2021-09-09 04:31:10,-24.7911,-50.0119,61.09,92,99,5.21
91,Bagotville,AU,2021-09-09 04:31:10,-28.9833,153.4167,78.82,51,0,11.99
92,Kopanskaya,RU,2021-09-09 04:31:10,46.2779,38.4795,60.85,56,0,10.09
93,Arraial Do Cabo,BR,2021-09-09 04:31:11,-22.9661,-42.0278,70.72,87,41,30.11
94,Cidreira,BR,2021-09-09 04:31:11,-30.1811,-50.2056,63.12,91,100,12.39
95,Mpongwe,ZM,2021-09-09 04:31:11,-13.5091,28.155,67.17,41,1,8.95
96,Katete,UG,2021-09-09 04:31:11,-0.7818,29.7544,63.21,85,31,1.21
97,San Cristobal,VE,2021-09-09 04:28:17,7.7669,-72.225,64.99,93,21,2.35
98,Nome,US,2021-09-09 04:31:12,64.5011,-165.4064,51.87,87,90,8.05
99,Carnarvon,AU,2021-09-09 04:31:12,-24.8667,113.6333,82.47,15,0,8.05
100,San Pedro,PH,2021-09-09 04:31:12,14.35,121.0167,87.31,67,40,9.22
101,Puerto Madryn,AR,2021-09-09 04:30:52,-42.7692,-65.0385,49.37,79,0,15.12
102,Avarua,CK,2021-09-09 04:31:13,-21.2078,-159.775,77.05,78,75,13.8
103,Belyy Yar,RU,2021-09-09 04:31:13,53.6039,91.3903,62.49,82,40,4.47
104,Chapais,CA,2021-09-09 04:31:14,49.7834,-74.8492,53.38,97,43,5.66
105,Lorengau,PG,2021-09-09 04:31:14,-2.0226,147.2712,79.12,87,100,15.55
106,Vaini,TO,2021-09-09 04:31:14,-21.2,-175.2,71.76,94,90,14.97
107,Mataura,NZ,2021-09-09 04:31:14,-46.1927,168.8643,55.47,60,100,15.26
108,Ambilobe,MG,2021-09-09 04:31:15,-13.2,49.05,76.77,44,17,4.68
109,Severo-Kurilsk,RU,2021-09-09 04:31:15,50.6789,156.125,57.58,87,100,13.24
110,Puri,IN,2021-09-09 04:31:15,19.8,85.85,81.12,66,100,8.3
111,Lavrentiya,RU,2021-09-09 04:31:16,65.5833,-171.0,42.35,99,100,6.93
112,Tigil,RU,2021-09-09 04:29:42,57.8,158.6667,45.16,42,97,16.55
113,Cam Ranh,VN,2021-09-09 04:31:16,11.9214,109.1591,93.16,52,20,9.22
114,Hithadhoo,MV,2021-09-09 04:31:16,-0.6,73.0833,83.05,67,34,3.31
115,Lebu,CL,2021-09-09 04:31:17,-37.6167,-73.65,49.01,86,100,14.16
116,Anchorage,US,2021-09-09 04:31:17,61.2181,-149.9003,54.75,89,90,4.61
117,Avera,US,2021-09-09 04:31:18,33.194,-82.5271,73.27,84,100,8.75
118,Nanakuli,US,2021-09-09 04:31:18,21.3906,-158.1547,84.15,61,1,9.22
119,Yako,BF,2021-09-09 04:31:18,12.9667,-2.2667,73.33,87,100,3.42
120,Yellowknife,CA,2021-09-09 04:31:01,62.456,-114.3525,52.32,93,90,9.22
121,Wanlaweyn,SO,2021-09-09 04:31:19,2.6185,44.8938,79.2,73,88,16.51
122,Qaanaaq,GL,2021-09-09 04:31:19,77.484,-69.3632,14.63,62,50,8.5
123,Liverpool,GB,2021-09-09 04:31:19,53.4106,-2.9779,65.28,87,20,3.0
124,Aksarka,RU,2021-09-09 04:31:19,66.5606,67.7975,45.57,67,97,12.86
125,Yar-Sale,RU,2021-09-09 04:31:20,66.8333,70.8333,46.51,63,69,12.82
126,Luganville,VU,2021-09-09 04:31:20,-15.5333,167.1667,76.3,76,98,15.21
127,Mogadishu,SO,2021-09-09 04:31:20,2.0371,45.3438,78.66,82,99,18.81
128,Nalut,LY,2021-09-09 04:31:21,30.3333,10.85,74.19,32,1,5.23
129,Montepuez,MZ,2021-09-09 04:31:21,-13.1256,38.9997,70.9,70,53,6.31
130,Nadym,RU,2021-09-09 04:31:21,65.5333,72.5167,49.28,50,10,9.95
131,Mindelo,CV,2021-09-09 04:31:22,16.8901,-24.9804,78.35,83,40,6.91
132,Chokurdakh,RU,2021-09-09 04:31:22,70.6333,147.9167,36.79,65,100,9.84
133,Asfi,MA,2021-09-09 04:31:22,32.2994,-9.2372,68.25,89,0,12.57
134,Lerwick,GB,2021-09-09 04:31:22,60.1545,-1.1494,55.4,93,100,11.05
135,Kavaratti,IN,2021-09-09 04:31:23,10.5669,72.642,81.82,77,8,12.62
136,Mount Gambier,AU,2021-09-09 04:31:23,-37.8333,140.7667,71.51,30,61,24.16
137,Katsuura,JP,2021-09-09 04:31:23,35.1333,140.3,71.62,93,100,3.47
138,Port Lincoln,AU,2021-09-09 04:27:11,-34.7333,135.8667,72.3,30,4,26.46
139,Ribeira Grande,PT,2021-09-09 04:31:24,38.5167,-28.7,71.96,87,67,9.35
140,Cuamba,MZ,2021-09-09 04:31:24,-14.8031,36.5372,70.77,65,1,1.43
141,Znamenskoye,RU,2021-09-09 04:31:24,57.1281,73.8282,46.65,75,99,8.79
142,Tuktoyaktuk,CA,2021-09-09 04:31:25,69.4541,-133.0374,48.2,81,40,9.22
143,Clyde River,CA,2021-09-09 04:31:25,70.4692,-68.5914,29.53,69,47,9.57
144,Leningradskiy,RU,2021-09-09 04:31:25,69.3833,178.4167,31.73,97,100,4.76
145,Salalah,OM,2021-09-09 04:31:26,17.0151,54.0924,78.89,100,90,5.75
146,Galesong,ID,2021-09-09 04:31:26,-5.3166,119.3661,86.02,61,65,6.04
147,Sarai Sidhu,PK,2021-09-09 04:31:26,30.5949,71.9698,85.77,49,52,7.85
148,Nisia Floresta,BR,2021-09-09 04:31:27,-6.0911,-35.2086,71.98,91,4,7.58
149,Guane,CU,2021-09-09 04:31:27,22.2025,-84.0875,77.47,88,17,4.5
150,Isangel,VU,2021-09-09 04:31:27,-19.55,169.2667,77.11,57,75,9.22
151,Estelle,US,2021-09-09 04:31:28,29.8458,-90.1067,80.98,80,75,5.75
152,Puerto Ayora,EC,2021-09-09 04:31:15,-0.7393,-90.3518,68.56,96,97,8.99
153,Gravelbourg,CA,2021-09-09 04:31:28,49.8834,-106.5512,61.07,36,39,9.95
154,The Valley,AI,2021-09-09 04:31:28,18.217,-63.0578,83.1,78,55,10.76
155,Hamilton,US,2021-09-09 04:31:29,39.1834,-84.5333,65.77,81,75,0.0
156,Corinth,GR,2021-09-09 04:31:29,37.9407,22.9573,69.42,69,100,4.12
157,Los Llanos De Aridane,ES,2021-09-09 04:31:29,28.6585,-17.9182,75.13,49,75,10.36
158,Ambato,EC,2021-09-09 04:31:30,-1.2491,-78.6168,52.09,95,30,1.1
159,Assiniboia,CA,2021-09-09 04:31:30,49.6334,-105.9845,60.71,44,23,9.22
160,Yining,CN,2021-09-09 04:31:30,29.0361,114.5636,91.44,49,44,2.3
161,Aitape,PG,2021-09-09 04:31:31,-3.1374,142.3475,82.89,83,90,16.31
162,Jamestown,US,2021-09-09 04:31:31,42.097,-79.2353,62.19,93,1,1.01
163,Provideniya,RU,2021-09-09 04:31:32,64.3833,-173.3,48.31,87,90,15.66
164,Camacha,PT,2021-09-09 04:31:32,33.0833,-16.3333,70.56,83,20,3.44
165,Mangrol,IN,2021-09-09 04:31:32,21.1167,70.1167,81.16,85,100,10.94
166,Tingo Maria,PE,2021-09-09 04:31:33,-9.2895,-76.0088,69.48,98,71,2.46
167,Oksfjord,NO,2021-09-09 04:31:33,70.2396,22.3479,46.47,98,100,9.13
168,Karratha,AU,2021-09-09 04:31:33,-20.7377,116.8463,88.12,19,0,10.04
169,Chulym,RU,2021-09-09 04:31:34,55.0997,80.9572,55.8,38,44,20.65
170,Pimenta Bueno,BR,2021-09-09 04:31:34,-11.6725,-61.1936,81.73,45,42,1.23
171,Dingle,PH,2021-09-09 04:31:34,10.9995,122.6711,84.69,76,100,12.41
172,Kuching,MY,2021-09-09 04:31:34,1.55,110.3333,88.02,66,40,6.91
173,Taltal,CL,2021-09-09 04:30:18,-25.4,-70.4833,57.18,76,11,1.92
174,Murgab,TM,2021-09-09 04:31:35,37.4966,61.9714,73.27,38,0,13.8
175,Inirida,CO,2021-09-09 04:31:35,3.8653,-67.9239,73.26,94,100,2.75
176,Colares,PT,2021-09-09 04:31:35,38.7992,-9.4469,70.29,79,12,7.85
177,Gorontalo,ID,2021-09-09 04:31:36,0.5412,123.0595,80.46,88,100,5.01
178,Yulara,AU,2021-09-09 04:31:36,-25.2406,130.9889,80.44,8,3,3.44
179,Pitea,SE,2021-09-09 04:31:36,65.3172,21.4794,50.09,70,4,4.14
180,Whitehorse,CA,2021-09-09 04:31:36,60.7161,-135.0538,54.37,76,75,4.61
181,Lompoc,US,2021-09-09 04:28:41,34.6391,-120.4579,71.1,95,90,6.91
182,Te Anau,NZ,2021-09-09 04:31:37,-45.4167,167.7167,48.83,88,100,12.8
183,Nikolskoye,RU,2021-09-09 04:31:37,59.7035,30.7861,58.89,88,87,9.19
184,Mildura,AU,2021-09-09 04:31:37,-34.2,142.15,82.36,10,47,13.8
185,Bay Roberts,CA,2021-09-09 04:31:38,47.5999,-53.2648,59.65,92,4,1.01
186,Loa Janan,ID,2021-09-09 04:31:38,-0.583,117.095,80.1,86,100,1.52
187,Flinders,AU,2021-09-09 04:31:38,-34.5833,150.8552,81.21,40,57,11.65
188,Bregovo,BG,2021-09-09 04:31:39,44.1517,22.6425,54.79,52,95,3.67
189,Odweyne,SO,2021-09-09 04:28:09,9.4092,45.064,74.14,56,66,19.06
190,Bunia,CD,2021-09-09 04:31:39,1.5667,30.25,65.19,86,75,0.43
191,Cascas,PE,2021-09-09 04:31:39,-7.4833,-78.8167,68.43,63,58,0.98
192,Mallow,IE,2021-09-09 04:31:40,52.1333,-8.6333,62.51,99,100,2.3
193,Atkarsk,RU,2021-09-09 04:31:40,51.8718,45.0078,53.76,49,84,15.19
194,Bredasdorp,ZA,2021-09-09 04:31:40,-34.5322,20.0403,42.12,93,91,4.61
195,Booue,GA,2021-09-09 04:31:41,-0.0921,11.9385,70.59,95,84,1.79
196,Cervo,ES,2021-09-09 04:31:41,43.6702,-7.4101,68.97,82,98,8.39
197,Vilyuysk,RU,2021-09-09 04:31:41,63.7553,121.6247,65.89,51,27,3.85
198,Rincon,US,2021-09-09 04:31:41,32.296,-81.2354,76.96,98,90,6.91
199,Hirara,JP,2021-09-09 04:27:41,24.8,125.2833,91.67,66,40,10.36
200,Corralillo,CU,2021-09-09 04:31:42,22.9819,-80.5856,76.6,85,0,5.93
201,Sungaipenuh,ID,2021-09-09 04:31:42,-2.0833,101.3833,74.62,71,70,4.56
202,Faya,SA,2021-09-09 04:31:42,18.3851,42.4509,66.72,17,29,6.2
203,Mangan,IN,2021-09-09 04:31:43,27.5167,88.5333,81.73,71,99,4.0
204,Phan Thiet,VN,2021-09-09 04:31:43,10.9333,108.1,85.73,71,92,11.07
205,Cowra,AU,2021-09-09 04:31:43,-33.8333,148.6833,63.5,62,87,9.78
206,Talladega,US,2021-09-09 04:30:21,33.4359,-86.1058,75.47,100,1,0.0
207,Yeppoon,AU,2021-09-09 04:31:44,-23.1333,150.7333,76.78,62,42,15.41
208,Richards Bay,ZA,2021-09-09 04:31:44,-28.783,32.0377,60.28,83,0,3.76
209,Myanaung,MM,2021-09-09 04:31:44,18.2833,95.3167,86.95,67,99,5.77
210,Fuyu,CN,2021-09-09 04:31:45,45.1833,124.8167,62.26,86,100,5.95
211,Maragogi,BR,2021-09-09 04:31:45,-9.0122,-35.2225,74.19,81,58,6.29
212,Oktyabrskiy,RU,2021-09-09 04:31:45,54.4815,53.471,54.37,63,100,16.42
213,Krasnoselkup,RU,2021-09-09 04:31:46,65.7,82.4667,48.22,78,100,10.13
214,Le Port,RE,2021-09-09 04:31:46,-20.9373,55.2919,73.62,65,16,3.22
215,Mamontovo,RU,2021-09-09 04:31:46,52.7055,81.6244,58.33,34,41,16.55
216,Nyrob,RU,2021-09-09 04:31:46,60.733,56.7202,47.07,98,100,11.14
217,Souillac,MU,2021-09-09 04:31:47,-20.5167,57.5167,71.37,83,75,11.5
218,Guerrero Negro,MX,2021-09-09 04:31:47,27.9769,-114.0611,72.37,84,79,13.09
219,Kapuskasing,CA,2021-09-09 04:31:47,49.4169,-82.4331,53.69,94,90,5.75
220,Upernavik,GL,2021-09-09 04:31:48,72.7868,-56.1549,29.46,76,100,11.45
221,Conceicao Da Barra,BR,2021-09-09 04:31:48,-18.5933,-39.7322,67.59,95,26,4.29
222,Valer,NO,2021-09-09 04:31:48,60.6785,11.8331,55.89,97,35,1.59
223,Talara,PE,2021-09-09 04:31:48,-4.5772,-81.2719,64.69,82,96,18.32
224,Vila Do Maio,CV,2021-09-09 04:31:49,15.1333,-23.2167,77.79,78,23,6.24
225,Alice Springs,AU,2021-09-09 04:30:12,-23.7,133.8833,81.95,9,0,11.5
226,Bermejo,AR,2021-09-09 04:31:49,-32.8833,-68.8,48.11,76,0,3.44
227,East London,ZA,2021-09-09 04:31:50,-33.0153,27.9116,54.54,66,20,5.75
228,Tokur,RU,2021-09-09 04:31:50,53.1333,132.9,59.86,74,92,2.66
229,Roma,US,2021-09-09 04:31:50,43.2128,-75.4557,65.12,97,75,0.0
230,Preobrazheniye,RU,2021-09-09 04:31:50,42.9019,133.9064,72.39,61,0,8.59
231,Mahebourg,MU,2021-09-09 04:31:51,-20.4081,57.7,71.26,83,75,11.5
232,Menongue,AO,2021-09-09 04:28:48,-14.6585,17.691,60.33,30,43,3.8
233,Luang Prabang,LA,2021-09-09 04:31:51,19.8856,102.1347,80.56,78,90,2.3
234,Taoudenni,ML,2021-09-09 04:29:14,22.6783,-3.9836,96.4,12,0,17.56
235,Nelson Bay,AU,2021-09-09 04:29:11,-32.7167,152.15,82.29,30,61,7.4
236,Longkou,CN,2021-09-09 04:31:52,37.6508,120.3286,79.65,64,21,11.99
237,Opuwo,NA,2021-09-09 04:31:50,-18.0607,13.84,64.24,25,1,1.54
238,Westport,US,2021-09-09 04:29:12,41.1415,-73.3579,76.19,90,75,1.99
239,Sarakhs,IR,2021-09-09 04:31:52,36.5449,61.1577,75.34,41,0,18.41
240,Coquimbo,CL,2021-09-09 04:31:52,-29.9533,-71.3436,51.53,76,0,6.91
241,Solnechnyy,RU,2021-09-09 04:31:53,50.7214,136.6319,67.86,70,46,1.72
242,Ribeira Brava,PT,2021-09-09 04:31:53,32.65,-17.0667,74.03,81,5,1.57
243,Tooele,US,2021-09-09 04:31:53,40.5308,-112.2983,74.28,34,1,5.75
244,Potam,MX,2021-09-09 04:31:53,27.6,-110.3833,82.92,68,71,3.91
245,Mackay,AU,2021-09-09 04:30:13,-21.15,149.2,76.05,64,75,16.11
246,Lujan,AR,2021-09-09 04:31:54,-34.5703,-59.105,56.95,98,100,4.0
247,Gonen,TR,2021-09-09 04:31:54,40.1049,27.654,64.36,82,69,6.69
248,Vila Velha,BR,2021-09-09 04:31:55,-20.3297,-40.2925,71.55,83,75,12.66
249,San Jeronimo,PE,2021-09-09 04:31:55,-11.9472,-75.2829,51.17,75,100,3.78
250,Namtsy,RU,2021-09-09 04:31:55,62.7161,129.6658,59.11,26,34,4.09
251,Zaysan,KZ,2021-09-09 04:31:55,47.4667,84.8667,69.84,41,55,17.25
252,Helong,CN,2021-09-09 04:31:56,42.5397,128.9972,80.98,32,58,3.18
253,Colac,AU,2021-09-09 04:31:56,-38.3333,143.5833,74.16,51,100,16.31
254,Saint-Augustin,CA,2021-09-09 04:27:58,51.226,-58.6502,55.17,92,78,3.89
255,Tasiilaq,GL,2021-09-09 04:31:57,65.6145,-37.6368,44.76,52,88,7.58
256,Grand Gaube,MU,2021-09-09 04:31:57,-20.0064,57.6608,71.38,74,6,10.0
257,Namatanai,PG,2021-09-09 04:31:57,-3.6667,152.4333,83.48,70,72,11.54
258,Road Town,VG,2021-09-09 04:31:57,18.4167,-64.6167,82.2,73,37,8.84
259,High Level,CA,2021-09-09 04:31:58,58.5169,-117.136,51.91,93,75,0.0
260,Skibbereen,IE,2021-09-09 04:31:58,51.55,-9.2667,62.4,98,100,1.25
261,Garissa,KE,2021-09-09 04:31:58,-0.4536,39.6401,76.6,72,90,16.73
262,Duldurga,RU,2021-09-09 04:31:59,50.6761,113.5931,47.88,67,96,10.27
263,El Reno,US,2021-09-09 04:31:59,35.5323,-97.955,74.95,48,1,3.44
264,Kysyl-Syr,RU,2021-09-09 04:31:59,63.8986,122.7617,65.43,53,18,4.94
265,Awjilah,LY,2021-09-09 04:31:59,29.1081,21.2869,72.81,65,0,6.85
266,Ozark,US,2021-09-09 04:32:00,37.0209,-93.206,64.81,81,10,3.71
267,Kaitangata,NZ,2021-09-09 04:32:00,-46.2817,169.8464,56.32,52,99,23.69
268,Kajaani,FI,2021-09-09 04:32:00,64.2273,27.7285,39.25,93,0,1.14
269,Bengkulu,ID,2021-09-09 04:32:01,-3.8004,102.2655,82.45,72,42,10.04
270,Urucara,BR,2021-09-09 04:32:01,-2.5364,-57.76,74.43,85,74,2.93
271,Puerto Baquerizo Moreno,EC,2021-09-09 04:32:02,-0.9,-89.6,69.62,85,97,13.85
272,Valleyview,CA,2021-09-09 04:32:02,55.0667,-117.2859,53.64,94,99,5.75
273,Inuvik,CA,2021-09-09 04:32:02,68.3499,-133.7218,58.06,52,75,5.75
274,Gizo,SB,2021-09-09 04:32:03,-8.103,156.8419,82.94,74,41,10.67
275,Ixtapa,MX,2021-09-09 04:32:03,20.7,-105.2,74.23,97,100,1.01
276,San Javier,ES,2021-09-09 04:32:03,37.8063,-0.8374,78.89,43,45,1.01
277,Sur,OM,2021-09-09 04:32:03,22.5667,59.5289,93.04,47,98,5.82
278,Ahipara,NZ,2021-09-09 04:32:04,-35.1667,173.1667,56.32,81,37,12.86
279,Corinto,GR,2021-09-09 04:32:04,37.9407,22.9573,69.42,69,100,4.12
280,San Antonio,US,2021-09-09 04:32:01,29.4241,-98.4936,84.31,44,1,5.75
281,Itanhaem,BR,2021-09-09 04:32:04,-24.1831,-46.7889,75.36,96,77,7.52
282,Glebychevo,RU,2021-09-09 04:32:05,60.4387,28.7183,56.52,89,57,11.18
283,Nanga Eboko,CM,2021-09-09 04:32:05,4.6833,12.3667,67.32,98,99,0.78
284,Aklavik,CA,2021-09-09 04:32:05,68.2191,-135.0107,58.03,68,96,8.19
285,Baglung,NP,2021-09-09 04:32:06,28.2719,83.5898,76.93,85,67,4.54
286,Manzhouli,CN,2021-09-09 04:32:06,49.6,117.4333,48.92,64,100,10.63
287,Shimoda,JP,2021-09-09 04:32:06,34.6667,138.95,71.96,95,100,6.15
288,San Patricio,US,2021-09-09 04:32:07,28.017,-97.5169,84.04,59,88,5.44
289,Paracatu,BR,2021-09-09 04:32:07,-17.2222,-46.8747,73.4,40,8,3.33
290,Malanje,AO,2021-09-09 04:32:07,-9.5402,16.341,66.72,89,17,3.36
291,Jalor,IN,2021-09-09 04:32:07,25.35,72.6167,91.4,55,60,1.77
292,Saint-Raymond,CA,2021-09-09 04:32:08,45.467,-73.6095,64.26,92,20,3.44
293,Rozhdestveno,RU,2021-09-09 04:32:08,53.2375,50.0597,52.79,50,100,11.83
294,Oriximina,BR,2021-09-09 04:32:08,-1.7656,-55.8661,75.87,78,68,2.19
295,Cockburn Town,TC,2021-09-09 04:32:09,21.4612,-71.1419,82.27,71,3,8.75
296,Venice,US,2021-09-09 04:30:53,27.0998,-82.4543,80.15,89,90,5.75
297,Tukrah,LY,2021-09-09 04:32:09,32.5341,20.5791,73.81,70,1,4.81
298,Sitka,US,2021-09-09 04:32:09,57.0531,-135.33,57.09,82,90,4.61
299,Gudari,IN,2021-09-09 04:32:09,19.35,83.7833,86.95,69,97,3.22
300,Lagoa,PT,2021-09-09 04:32:10,39.05,-27.9833,70.95,86,66,11.92
301,Rudbar,AF,2021-09-09 04:32:10,30.15,62.6,86.13,18,1,14.32
302,Najran,SA,2021-09-09 04:29:08,17.4924,44.1277,75.85,14,37,3.76
303,Black River,JM,2021-09-09 04:32:10,18.0264,-77.8487,80.6,85,57,4.85
304,Merauke,ID,2021-09-09 04:32:11,-8.4667,140.3333,81.41,73,89,20.15
305,Yerofey Pavlovich,RU,2021-09-09 04:32:11,53.9667,121.9667,50.65,96,100,1.32
306,Berlevag,NO,2021-09-09 04:32:11,70.8578,29.0864,41.34,95,98,17.31
307,Iquique,CL,2021-09-09 04:32:12,-20.2208,-70.1431,59.04,76,75,2.48
308,Aketi,CD,2021-09-09 04:32:12,2.7388,23.7833,68.95,98,98,0.92
309,Killybegs,IE,2021-09-09 04:32:12,54.6333,-8.45,62.46,98,100,5.17
310,Grindavik,IS,2021-09-09 04:32:13,63.8424,-22.4338,48.67,81,75,8.05
311,Mandalgovi,MN,2021-09-09 04:32:13,45.7625,106.2708,56.82,45,9,9.55
312,Ploemeur,FR,2021-09-09 04:32:13,47.7333,-3.4333,66.81,95,75,11.5
313,Longyearbyen,SJ,2021-09-09 04:32:13,78.2186,15.6401,35.44,80,75,5.75
314,Talakan,RU,2021-09-09 04:32:14,50.3167,130.3667,66.72,70,100,4.29
315,Sarlat-La-Caneda,FR,2021-09-09 04:32:14,44.889,1.2166,65.08,98,80,2.53
316,Kavieng,PG,2021-09-09 04:32:14,-2.5744,150.7967,82.87,76,55,17.6
317,Tateyama,JP,2021-09-09 04:32:15,34.9833,139.8667,71.87,94,75,9.22
318,Hualmay,PE,2021-09-09 04:32:15,-11.0964,-77.6139,61.16,88,77,7.02
319,Kenai,US,2021-09-09 04:29:25,60.5544,-151.2583,52.14,96,90,0.0
320,Sola,VU,2021-09-09 04:32:15,-13.8833,167.55,78.08,76,61,25.81
321,Kashi,CN,2021-09-09 04:32:16,39.4547,75.9797,85.21,15,0,4.47
322,Mongo,TD,2021-09-09 04:32:16,12.1844,18.693,76.69,80,100,4.72
323,Lixourion,GR,2021-09-09 04:32:16,38.2019,20.4314,66.2,77,40,0.0
324,Nouadhibou,MR,2021-09-09 04:32:17,20.931,-17.0347,71.58,94,19,13.8
325,Tilichiki,RU,2021-09-09 04:32:17,60.4667,166.1,42.06,42,100,17.96
326,Hofn,IS,2021-09-09 04:32:17,64.2539,-15.2082,50.11,52,9,8.01
327,Muros,ES,2021-09-09 04:32:17,42.7762,-9.0603,67.23,93,100,4.88
328,Akyab,MM,2021-09-09 04:28:21,20.15,92.9,84.31,71,67,2.15
329,Sao Joao Da Barra,BR,2021-09-09 04:32:18,-21.6403,-41.0511,69.69,87,45,17.67
330,Molchanovo,RU,2021-09-09 04:32:18,57.5817,83.7692,40.15,94,98,18.54
331,Yurga,RU,2021-09-09 04:32:19,55.7231,84.8861,48.7,69,97,23.51
332,San Miguel,SV,2021-09-09 04:32:19,13.4833,-88.1833,80.26,94,40,2.15
333,Sorland,NO,2021-09-09 04:32:19,67.667,12.6934,46.47,76,100,13.96
334,Nouakchott,MR,2021-09-09 04:32:04,18.0858,-15.9785,84.13,82,33,14.16
335,Samana,DO,2021-09-09 04:30:12,19.2056,-69.3369,77.5,91,16,4.47
336,Adrar,MR,2021-09-09 04:32:20,20.5022,-10.0711,90.21,12,16,2.84
337,Chopinzinho,BR,2021-09-09 04:32:20,-25.8558,-52.5233,59.4,97,100,1.21
338,Sitrah,BH,2021-09-09 04:32:20,26.1547,50.6206,96.8,51,0,7.0
339,Parrita,CR,2021-09-09 04:32:20,9.5201,-84.3225,83.98,88,100,2.17
340,Camopi,GF,2021-09-09 04:32:21,3.1655,-52.3158,70.03,99,67,1.7
341,Charters Towers,AU,2021-09-09 04:32:21,-20.1,146.2667,79.14,30,6,17.27
342,Talnakh,RU,2021-09-09 04:32:21,69.4865,88.3972,48.04,96,100,3.87
343,Manono,CD,2021-09-09 04:32:22,-7.3,27.4167,76.01,63,7,0.2
344,Vestmanna,FO,2021-09-09 04:32:22,62.1564,-7.1664,45.52,93,60,5.75
345,Okhtyrka,UA,2021-09-09 04:32:22,50.3104,34.8988,56.98,51,5,7.4
346,Naantali,FI,2021-09-09 04:32:23,60.4674,22.0243,57.11,100,0,2.3
347,Honningsvag,NO,2021-09-09 04:32:23,70.9821,25.9704,42.55,81,75,14.97
348,Cairns,AU,2021-09-09 04:27:26,-16.9167,145.7667,79.07,65,90,24.16
349,Brae,GB,2021-09-09 04:32:23,60.3964,-1.353,55.31,91,100,12.71
350,Juneau,US,2021-09-09 04:32:24,58.3019,-134.4197,55.22,94,75,9.22
351,Nanortalik,GL,2021-09-09 04:32:24,60.1432,-45.2371,43.12,96,16,9.04
352,Touros,BR,2021-09-09 04:32:25,-5.1989,-35.4608,70.7,86,6,11.77
353,Scottsbluff,US,2021-09-09 04:32:25,41.8666,-103.6672,66.63,53,1,4.61
354,Vao,NC,2021-09-09 04:32:25,-22.6667,167.4833,68.31,60,87,20.04
355,Vila Franca Do Campo,PT,2021-09-09 04:32:26,37.7167,-25.4333,72.01,87,9,5.53
356,Los Palacios,CU,2021-09-09 04:32:26,22.5872,-83.2486,74.77,87,1,2.48
357,Comodoro Rivadavia,AR,2021-09-09 04:32:26,-45.8667,-67.5,57.06,54,0,10.36
358,Samarinda,ID,2021-09-09 04:32:26,-0.5,117.15,80.26,84,99,2.06
359,Algeciras,ES,2021-09-09 04:32:27,36.1333,-5.4505,73.06,78,20,6.91
360,San Ignacio,BZ,2021-09-09 04:32:27,17.1561,-89.0714,75.34,94,0,0.0
361,Krasnyy Kut,RU,2021-09-09 04:32:27,50.95,46.9667,60.48,41,42,14.12
362,Gallup,US,2021-09-09 04:32:28,35.5281,-108.7426,75.96,27,20,0.0
363,Bambous Virieux,MU,2021-09-09 04:32:28,-20.3428,57.7575,71.22,83,75,11.5
364,Tiznit,MA,2021-09-09 04:32:28,29.5833,-9.5,77.4,32,76,1.74
365,Henties Bay,NA,2021-09-09 04:32:29,-22.116,14.2845,54.86,92,0,4.12
366,Troitskoye,RU,2021-09-09 04:32:29,52.9821,84.6757,55.31,47,86,15.28
367,Charlottetown,CA,2021-09-09 04:27:34,46.2352,-63.1267,63.12,70,1,8.05
368,Bonavista,CA,2021-09-09 04:32:29,48.6499,-53.1147,54.12,90,6,10.33
369,Cabo San Lucas,MX,2021-09-09 04:32:30,22.8909,-109.9124,82.62,81,99,5.57
370,Hovd,MN,2021-09-09 04:30:48,48.0056,91.6419,75.92,17,18,8.59
371,Radstadt,AT,2021-09-09 04:32:30,47.3833,13.45,55.94,80,2,6.53
372,Luderitz,NA,2021-09-09 04:32:30,-26.6481,15.1594,55.58,67,1,7.05
373,Chanute,US,2021-09-09 04:32:31,37.6792,-95.4572,65.5,77,1,0.0
374,Kayankulam,IN,2021-09-09 04:32:31,9.1833,76.5,83.37,68,25,6.71
375,Mar Del Plata,AR,2021-09-09 04:30:05,-38.0023,-57.5575,51.82,100,90,32.21
376,Paderborn,DE,2021-09-09 04:32:31,51.7191,8.7544,62.01,77,0,1.01
377,Nhulunbuy,AU,2021-09-09 04:32:32,-12.2333,136.7667,83.01,54,75,20.71
378,Kiama,AU,2021-09-09 04:32:32,-34.6833,150.8667,74.68,42,61,12.17
379,Slave Lake,CA,2021-09-09 04:32:32,55.2834,-114.769,60.98,65,99,5.23
380,Valle Hermoso,MX,2021-09-09 04:32:33,25.6667,-97.8333,78.94,60,41,4.83
381,Kodinar,IN,2021-09-09 04:32:33,20.7903,70.7031,81.86,83,100,14.92
382,Freeport,US,2021-09-09 04:30:01,40.6576,-73.5832,76.41,91,75,10.0
383,Samdrup Jongkhar,BT,2021-09-09 04:32:33,26.9167,91.6167,79.29,76,99,4.34
384,Treinta Y Tres,UY,2021-09-09 04:32:34,-33.2333,-54.3833,52.29,86,70,16.82
385,Fort-Shevchenko,KZ,2021-09-09 04:27:47,44.5086,50.263,63.82,33,100,10.22
386,Vagamo,NO,2021-09-09 04:32:34,61.8751,9.0967,56.12,90,99,2.42
387,Palmer,US,2021-09-09 04:32:34,42.1584,-72.3287,74.01,69,90,4.61
388,Dunedin,NZ,2021-09-09 04:28:36,-45.8742,170.5036,59.32,44,100,21.18
389,Bulawayo,ZW,2021-09-09 04:32:35,-20.15,28.5833,57.65,79,73,10.0
390,Kirkwall,GB,2021-09-09 04:32:35,58.9848,-2.9587,57.54,94,90,5.75
391,Ngunguru,NZ,2021-09-09 04:32:35,-35.6167,174.5,61.16,67,38,12.5
392,Kieta,PG,2021-09-09 04:32:35,-6.2167,155.6333,82.58,76,64,8.01
393,Sora,IT,2021-09-09 04:32:36,41.7157,13.6141,66.34,66,79,2.06
394,Ajdabiya,LY,2021-09-09 04:32:36,30.7554,20.2263,71.62,71,0,5.84
395,Noyabrsk,RU,2021-09-09 04:32:36,63.1994,75.4507,49.1,53,82,3.38
396,Sonoita,MX,2021-09-09 04:32:37,31.85,-112.8333,88.54,49,58,5.91
397,Orsha,BY,2021-09-09 04:32:37,54.5153,30.4053,51.91,77,50,8.21
398,Corpus Christi,US,2021-09-09 04:29:34,27.8006,-97.3964,84.18,68,1,1.99
399,Banjar,ID,2021-09-09 04:32:37,-8.19,114.9675,84.06,67,91,1.5
400,Beringovskiy,RU,2021-09-09 04:32:38,63.05,179.3167,42.6,67,85,7.54
401,Mersing,MY,2021-09-09 04:32:38,2.4312,103.8405,89.51,62,40,2.3
402,Tiksi,RU,2021-09-09 04:32:38,71.6872,128.8694,40.15,66,76,20.65
403,Smoky Lake,CA,2021-09-09 04:32:39,54.1169,-112.4686,61.52,67,100,4.61
404,Mamallapuram,IN,2021-09-09 04:32:39,12.6264,80.1722,89.65,53,94,15.9
405,Manyana,BW,2021-09-09 04:32:40,-23.4,21.7167,57.29,78,77,11.79
406,Ust-Maya,RU,2021-09-09 04:32:40,60.4167,134.5333,58.8,27,37,6.46
407,Ruteng,ID,2021-09-09 04:32:40,-8.6136,120.4721,74.82,58,76,1.3
408,Agarak,AM,2021-09-09 04:32:40,39.2068,46.5446,54.63,91,100,2.75
409,Albania,AL,2021-09-09 04:32:41,41.0,20.0,61.99,57,100,4.99
410,Poum,NC,2021-09-09 04:32:41,-20.2333,164.0167,71.24,58,97,7.7
411,Boguchar,RU,2021-09-09 04:32:41,49.9358,40.545,58.93,40,11,10.07
412,Qandala,SO,2021-09-09 04:32:41,11.472,49.8728,91.15,53,86,4.03
413,Launceston,AU,2021-09-09 04:29:33,-41.45,147.1667,60.44,71,75,5.01
414,Nenjiang,CN,2021-09-09 04:32:42,49.1833,125.2167,56.86,94,98,3.49
415,Acapulco,MX,2021-09-09 04:29:45,16.8634,-99.8901,78.71,87,100,3.58
416,Goundam,ML,2021-09-09 04:32:42,16.4145,-3.6708,88.61,42,99,5.97
417,General Roca,AR,2021-09-09 04:32:42,-39.0333,-67.5833,45.0,64,9,4.32
418,Bida,NG,2021-09-09 04:32:43,9.0833,6.0167,73.47,94,100,1.61
419,Itupiranga,BR,2021-09-09 04:32:43,-5.1347,-49.3267,77.32,81,25,3.69
420,Traverse City,US,2021-09-09 04:30:18,44.7631,-85.6206,64.6,63,90,12.66
421,Apatou,GF,2021-09-09 04:32:43,5.155,-54.3472,73.17,100,60,2.33
422,Tondano,ID,2021-09-09 04:32:44,1.3038,124.9112,73.49,93,100,1.59
423,Husavik,IS,2021-09-09 04:32:44,66.0449,-17.3389,48.11,72,1,8.97
424,Takoradi,GH,2021-09-09 04:32:45,4.8845,-1.7554,75.34,94,29,5.5
425,Aripuana,BR,2021-09-09 04:32:46,-9.1667,-60.6333,76.26,68,3,1.95
426,Arvika,SE,2021-09-09 04:32:46,59.6553,12.5852,57.81,99,21,3.33
427,Nobres,BR,2021-09-09 04:32:46,-14.7203,-56.3275,85.55,43,86,3.49
428,Jiuquan,CN,2021-09-09 04:32:47,39.7432,98.5174,85.48,9,0,18.52
429,Broome,US,2021-09-09 04:32:47,42.2506,-75.833,65.19,88,99,1.01
430,Ponta Delgada,PT,2021-09-09 04:32:47,37.7333,-25.6667,72.32,78,40,8.05
431,Severo-Yeniseyskiy,RU,2021-09-09 04:32:48,60.3725,93.0408,49.3,70,100,13.31
432,Abu Samrah,SY,2021-09-09 04:32:48,35.3029,37.1841,73.63,71,0,9.13
433,Sao Filipe,CV,2021-09-09 04:32:48,14.8961,-24.4956,77.47,81,35,0.87
434,Alyangula,AU,2021-09-09 04:32:48,-13.8483,136.4192,84.07,51,40,19.57
435,Pingliang,CN,2021-09-09 04:32:49,35.5392,106.6861,84.02,17,0,2.19
436,Nacala,MZ,2021-09-09 04:32:49,-14.5428,40.6728,74.84,74,5,7.83
437,Copiapo,CL,2021-09-09 04:32:49,-27.3667,-70.3333,46.09,40,0,1.12
438,Arman,RU,2021-09-09 04:32:13,59.7,150.1667,49.48,52,95,6.82
439,Cartagena Del Chaira,CO,2021-09-09 04:32:50,1.3349,-74.8429,70.21,99,79,1.23
440,Bulz,RO,2021-09-09 04:32:50,46.9167,22.6833,46.87,65,2,3.87
441,Pedernales,DO,2021-09-09 04:32:50,18.0384,-71.744,80.47,72,15,3.02
442,Imeni Poliny Osipenko,RU,2021-09-09 04:32:51,52.4201,136.4853,69.28,58,88,10.78
443,Saint Anthony,US,2021-09-09 04:32:51,45.0205,-93.218,62.71,80,1,3.44
444,Anzio,IT,2021-09-09 04:32:51,41.4853,12.6179,68.97,82,2,6.2
445,Belaya Gora,RU,2021-09-09 04:32:52,68.5333,146.4167,36.34,66,99,10.11
446,Zhuhai,CN,2021-09-09 04:32:52,22.2769,113.5678,93.78,70,20,8.05
447,Sinegorskiy,RU,2021-09-09 04:32:52,48.0139,40.8447,52.83,37,0,1.83
448,Presidencia Roque Saenz Pena,AR,2021-09-09 04:32:52,-26.7852,-60.4388,52.83,66,0,5.46
449,Marzuq,YE,2021-09-09 04:32:53,14.4,46.4667,84.7,40,87,8.93
450,Norman Wells,CA,2021-09-09 04:32:53,65.282,-126.8329,55.44,62,20,5.75
451,Staryy Nadym,RU,2021-09-09 04:32:53,65.6118,72.6842,49.19,50,10,9.98
452,Olgod,DK,2021-09-09 04:32:54,55.8068,8.6286,57.06,73,10,5.7
453,Peniche,PT,2021-09-09 04:32:54,39.3558,-9.3811,69.89,93,40,8.59
454,Bochil,MX,2021-09-09 04:32:54,16.9833,-92.9167,66.16,98,100,2.3
455,Dubovskoye,RU,2021-09-09 04:32:54,47.4092,42.7575,55.42,44,1,5.32
456,Southbridge,US,2021-09-09 04:28:29,42.0751,-72.0334,73.72,91,36,1.01
457,Yelizovo,RU,2021-09-09 04:32:55,53.1873,158.3805,69.94,43,75,11.18
458,Oranjemund,NA,2021-09-09 04:32:55,-28.55,16.4333,64.71,25,1,7.29
459,Ondjiva,AO,2021-09-09 04:32:55,-17.0667,15.7333,63.7,20,5,7.2
460,Port Blair,IN,2021-09-09 04:32:56,11.6667,92.75,81.72,77,99,18.03
461,Teguldet,RU,2021-09-09 04:32:56,57.3064,88.1667,52.95,78,100,15.75
462,Ilembo,TZ,2021-09-09 04:32:56,-9.25,33.3833,57.25,74,53,5.77
463,Katobu,ID,2021-09-09 04:32:56,-4.9408,122.5276,80.13,85,100,8.46
464,Namibe,AO,2021-09-09 04:32:57,-15.1961,12.1522,64.27,93,0,1.36
465,Plover,US,2021-09-09 04:32:57,44.4564,-89.544,58.05,95,1,1.99
466,Tagbac,PH,2021-09-09 04:32:57,7.089,125.1567,84.52,77,98,4.52
467,Sambava,MG,2021-09-09 04:32:58,-14.2667,50.1667,72.16,64,7,9.35
468,Bukachacha,RU,2021-09-09 04:32:58,52.9833,116.9167,53.96,50,67,3.24
469,Doka,SD,2021-09-09 04:32:58,13.5167,35.7667,71.91,93,99,10.87
470,Pemangkat,ID,2021-09-09 04:32:59,1.1667,108.9667,86.31,62,40,11.52
471,Fortuna,US,2021-09-09 04:32:59,40.5982,-124.1573,66.42,73,90,0.0
472,Bathsheba,BB,2021-09-09 04:32:59,13.2167,-59.5167,83.01,78,20,18.41
473,Hami,CN,2021-09-09 04:33:00,42.8,93.45,88.48,10,0,2.68
474,Dunbar,US,2021-09-09 04:33:00,38.3606,-81.7374,69.17,97,90,1.99
475,Tuatapere,NZ,2021-09-09 04:33:00,-46.1333,167.6833,55.81,74,100,16.64
476,Kraslice,CZ,2021-09-09 04:33:00,50.3237,12.5175,56.14,75,6,3.58
477,Tornio,FI,2021-09-09 04:33:01,65.8481,24.1466,35.62,74,10,4.99
478,Klaksvik,FO,2021-09-09 04:31:12,62.2266,-6.589,47.32,66,92,4.18
479,Maltahohe,NA,2021-09-09 04:30:53,-24.8333,16.9833,54.28,17,0,5.82
480,Nikolayevsk-Na-Amure,RU,2021-09-09 04:33:01,53.1406,140.73,66.9,52,100,5.7
481,Bilma,NE,2021-09-09 04:33:01,18.6853,12.9164,87.03,30,24,7.38
482,Jinchang,CN,2021-09-09 04:33:02,38.4953,102.1739,81.03,14,0,13.78
483,Sao Caetano De Odivelas,BR,2021-09-09 04:33:02,-0.75,-48.02,73.92,95,10,4.52
484,Marica,BR,2021-09-09 04:33:02,-22.9194,-42.8186,75.15,83,57,11.97
485,Eyl,SO,2021-09-09 04:33:03,7.9803,49.8164,82.26,55,91,25.68
486,Cuitareo,MX,2021-09-09 04:33:03,19.6167,-100.6,55.35,98,100,3.02
487,Tiarei,PF,2021-09-09 04:33:03,-17.5333,-149.3333,78.82,81,41,18.9
488,Karymskoye,RU,2021-09-09 04:33:03,51.6167,114.35,48.9,69,98,8.55
489,Yurimaguas,PE,2021-09-09 04:33:04,-5.9,-76.0833,75.4,84,81,2.21
490,Nabire,ID,2021-09-09 04:33:04,-3.3667,135.4833,84.99,67,41,5.79
491,Bykovo,RU,2021-09-09 04:33:05,55.6361,38.0803,57.81,82,40,8.95
492,Almeria,ES,2021-09-09 04:33:05,37.1667,-2.3333,65.77,46,66,7.05
493,Ingham,US,2021-09-09 04:33:06,42.6,-84.3833,60.37,77,1,3.44
494,Thunder Bay,CA,2021-09-09 04:33:06,48.4001,-89.3168,57.29,88,75,3.44
495,Okhotsk,RU,2021-09-09 04:33:06,59.3833,143.3,55.31,66,92,10.65
496,Neyshabur,IR,2021-09-09 04:33:07,36.2133,58.7958,73.26,31,0,2.33
497,Oistins,BB,2021-09-09 04:33:07,13.0667,-59.5333,82.49,78,20,18.41
498,Antofagasta,CL,2021-09-09 04:31:31,-23.65,-70.4,56.48,84,25,0.69
499,Talcahuano,CL,2021-09-09 04:30:18,-36.7167,-73.1167,47.88,93,0,6.91
500,Vostok,RU,2021-09-09 04:33:08,46.4856,135.8833,68.2,56,72,4.81
501,Kuybysheve,UA,2021-09-09 04:33:09,47.358,36.6491,60.22,36,0,4.65
502,Kainantu,PG,2021-09-09 04:33:10,-6.2887,145.8655,61.79,96,100,3.38
503,Tazmalt,DZ,2021-09-09 04:33:11,36.3868,4.3989,76.33,53,51,4.34
504,Teyateyaneng,LS,2021-09-09 04:33:11,-29.1472,27.7489,48.42,57,0,3.2
505,Ebreichsdorf,AT,2021-09-09 04:33:11,47.95,16.4,58.17,54,0,8.01
506,Palana,RU,2021-09-09 04:33:12,59.1167,159.9667,39.97,55,83,16.82
507,Bantry,IE,2021-09-09 04:33:12,51.6833,-9.45,62.08,99,100,0.09
508,Springfield,US,2021-09-09 04:29:19,37.2153,-93.2982,65.17,78,1,0.0
509,Ballina,AU,2021-09-09 04:33:13,-28.8667,153.5667,78.98,56,0,19.57
510,Qui Nhon,VN,2021-09-09 04:33:13,13.7667,109.2333,89.33,61,86,6.67
511,Malindi,KE,2021-09-09 04:33:14,-3.2175,40.1191,77.67,79,22,14.5
512,Cabedelo,BR,2021-09-09 04:33:15,-6.9811,-34.8339,72.27,81,2,10.31
513,Puerto Escondido,MX,2021-09-09 04:33:16,15.85,-97.0667,79.79,86,100,4.85
514,Noumea,NC,2021-09-09 04:30:06,-22.2763,166.4572,75.18,68,85,16.91
515,Marsa Matruh,EG,2021-09-09 04:33:19,31.3525,27.2453,75.4,78,20,5.75
516,Rustenburg,ZA,2021-09-09 04:33:20,-25.6676,27.2421,55.26,83,0,3.83
517,Hackettstown,US,2021-09-09 04:33:21,40.854,-74.8291,74.05,84,53,1.01
518,La Macarena,CO,2021-09-09 04:33:21,2.1837,-73.7849,70.61,97,79,1.12
519,Manhattan,US,2021-09-09 04:29:39,40.7834,-73.9662,76.62,82,1,10.0
520,Wilmington,US,2021-09-09 04:32:23,34.2257,-77.9447,78.71,87,40,8.05
521,Port Alberni,CA,2021-09-09 04:30:20,49.2413,-124.8028,68.13,85,100,7.0
522,Noyon,FR,2021-09-09 04:33:21,49.5833,3.0,69.6,97,95,5.46
523,Saldanha,ZA,2021-09-09 04:33:22,-33.0117,17.9442,50.05,58,99,9.51
524,Manokwari,ID,2021-09-09 04:31:58,-0.8667,134.0833,83.25,73,96,11.23
525,Madison,US,2021-09-09 04:31:30,34.7334,-86.5667,73.51,83,90,8.01
526,Honiara,SB,2021-09-09 04:32:45,-9.4333,159.95,85.01,68,73,12.12
527,Mehamn,NO,2021-09-09 04:33:23,71.0357,27.8492,42.98,96,92,15.52
528,Fushun,CN,2021-09-09 04:33:23,41.8558,123.9233,80.31,58,59,14.99
529,Dicabisagan,PH,2021-09-09 04:33:24,17.0818,122.4157,87.1,67,78,6.53
530,Anloga,GH,2021-09-09 04:33:24,5.7947,0.8973,75.42,90,100,11.27
531,Meiganga,CM,2021-09-09 04:33:24,6.5167,14.3,62.74,95,35,2.62
532,Weiser,US,2021-09-09 04:33:25,44.251,-116.9693,76.6,24,32,4.85
533,Nuevitas,CU,2021-09-09 04:33:25,21.5453,-77.2644,76.44,85,0,4.72
534,Nunoa,PE,2021-09-09 04:33:25,-14.48,-70.6411,43.7,77,73,3.31
535,Buraydah,SA,2021-09-09 04:33:26,26.326,43.975,79.25,16,7,2.86
536,Calabar,NG,2021-09-09 04:33:26,4.9517,8.322,74.17,97,99,2.01
537,Porto Velho,BR,2021-09-09 04:33:26,-8.7619,-63.9039,77.05,83,40,0.0
538,Krasnouralsk,RU,2021-09-09 04:33:15,58.3638,60.0407,47.32,92,100,8.86
539,Mayor Pablo Lagerenza,PY,2021-09-09 04:33:27,-19.9309,-60.7718,64.38,42,100,5.99
540,Mushie,CD,2021-09-09 04:33:27,-3.0167,16.9,73.6,86,30,2.42
541,Beloha,MG,2021-09-09 04:33:27,-25.1667,45.05,69.55,70,0,7.52
542,Sol-Iletsk,RU,2021-09-09 04:33:28,51.1631,54.9918,61.47,38,92,13.91
543,Flin Flon,CA,2021-09-09 04:33:28,54.7682,-101.865,52.43,76,63,4.72
544,Rio Grande,BR,2021-09-09 04:33:28,-32.035,-52.0986,60.94,90,78,13.15
545,Sorong,ID,2021-09-09 04:33:29,-0.8833,131.25,84.6,73,50,2.89
546,Duku,NG,2021-09-09 04:33:29,11.2361,4.9073,70.72,91,77,4.74
547,Bandarbeyla,SO,2021-09-09 04:33:30,9.4942,50.8122,82.63,52,99,28.9
548,Otavi,NA,2021-09-09 04:33:30,-19.65,17.3333,66.87,26,60,12.19
549,Codrington,AU,2021-09-09 04:33:30,-38.2667,141.9667,66.25,57,100,18.3
550,Haines Junction,CA,2021-09-09 04:33:31,60.7522,-137.5108,48.15,71,23,3.44
551,Manaure,CO,2021-09-09 04:33:31,11.7751,-72.4445,83.55,74,42,13.44
552,Byron Bay,AU,2021-09-09 04:33:32,-28.65,153.6167,78.91,56,0,12.3
553,Torbay,CA,2021-09-09 04:33:32,47.6666,-52.7314,58.87,91,75,3.44
554,Ukiah,US,2021-09-09 04:33:32,39.1502,-123.2078,80.49,40,1,4.61
555,Great Yarmouth,GB,2021-09-09 04:29:45,52.6083,1.7305,63.23,83,87,7.76
556,Kozuchow,PL,2021-09-09 04:33:33,51.7456,15.5949,52.66,59,7,7.34
557,Misratah,LY,2021-09-09 04:33:33,32.3754,15.0925,75.45,63,5,3.78
558,Birjand,IR,2021-09-09 04:33:33,32.8663,59.2211,73.87,18,0,16.11
559,Gua Musang,MY,2021-09-09 04:33:34,4.8823,101.9644,92.86,45,94,1.66
560,Tacoronte,ES,2021-09-09 04:33:34,28.4769,-16.4102,69.26,85,0,9.22
561,Tessalit,ML,2021-09-09 04:33:34,20.1986,1.0114,86.45,29,8,4.79
562,Plakhtiyivka,UA,2021-09-09 04:33:35,46.1006,29.7217,59.61,42,0,7.65
563,Itarema,BR,2021-09-09 04:33:35,-2.9248,-39.9167,77.83,83,17,15.82
564,Salinopolis,BR,2021-09-09 04:33:36,-0.6136,-47.3561,77.45,87,15,7.47
565,Grimmen,DE,2021-09-09 04:33:36,54.1121,13.0405,55.76,80,24,6.53
566,Eureka,US,2021-09-09 04:33:37,40.8021,-124.1637,55.58,93,60,3.89
567,Pisco,PE,2021-09-09 04:33:37,-13.7,-76.2167,60.03,88,4,11.5
568,Tezu,IN,2021-09-09 04:33:37,27.9167,96.1667,90.14,55,97,3.56
569,Altona,DE,2021-09-09 04:33:38,53.55,9.9333,58.66,90,0,4.61
570,Linares,CL,2021-09-09 04:33:38,-35.85,-71.6,42.75,82,42,3.33
571,Zhicheng,CN,2021-09-09 04:33:39,30.2956,111.5047,81.32,73,100,1.79
572,Raudeberg,NO,2021-09-09 04:33:39,61.9875,5.1352,59.2,95,100,3.0
573,Kundiawa,PG,2021-09-09 04:33:39,-6.0167,144.9667,73.72,71,98,3.94
574,Heihe,CN,2021-09-09 04:32:07,50.2441,127.4902,66.78,76,100,7.02
575,Tahta,EG,2021-09-09 04:33:40,26.7693,31.5021,80.92,27,0,11.01
576,Fare,PF,2021-09-09 04:33:40,-16.7,-151.0167,78.48,73,5,8.99
577,Port Hawkesbury,CA,2021-09-09 04:33:40,45.6169,-61.3485,63.59,96,75,1.99
578,Kismayo,SO,2021-09-09 04:33:41,-0.3582,42.5454,79.18,77,78,14.5
579,Batesville,US,2021-09-09 04:32:32,35.7698,-91.641,69.84,59,1,0.0
580,Mehriz,IR,2021-09-09 04:33:41,31.5917,54.4318,72.1,21,0,5.28
581,Ariquemes,BR,2021-09-09 04:33:41,-9.9133,-63.0408,82.08,50,79,2.39
582,Balkanabat,TM,2021-09-09 04:33:42,39.5108,54.3671,77.52,26,0,11.14
583,La Ronge,CA,2021-09-09 04:33:42,55.1001,-105.2842,62.85,59,90,9.22
584,Sayyan,YE,2021-09-09 04:33:42,15.1718,44.3244,68.85,38,60,1.79
585,Vardo,NO,2021-09-09 04:33:42,70.3705,31.1107,37.6,88,96,19.04
586,Coos Bay,US,2021-09-09 04:33:43,43.3665,-124.2179,58.98,95,90,4.61
587,Ambunti,PG,2021-09-09 04:33:43,-4.2365,142.8448,84.69,75,81,4.43
588,Rocha,UY,2021-09-09 04:33:43,-34.4833,-54.3333,54.45,88,92,12.66
589,Olafsvik,IS,2021-09-09 04:33:44,64.8945,-23.7142,50.11,81,15,13.02
590,Haimen,CN,2021-09-09 04:33:44,23.1935,116.6142,91.29,69,93,9.37
591,Wanxian,CN,2021-09-09 04:33:44,30.8039,108.3897,86.4,56,58,3.44
592,Rorvik,NO,2021-09-09 04:33:45,64.8621,11.2373,50.11,100,75,3.44
