City_ID,City,Country,Date,Lat,Lng,Max Temp,Humidity,Cloudiness,Wind Speed,Current Description
0,Kahului,US,2021-09-15 02:11:44,20.8947,-156.47,84.22,69,40,13.8,scattered clouds
1,East London,ZA,2021-09-15 02:11:45,-33.0153,27.9116,63.45,70,100,19.75,overcast clouds
2,Rikitea,PF,2021-09-15 02:11:45,-23.1203,-134.9692,74.26,78,56,13.06,broken clouds
3,Mataura,NZ,2021-09-15 02:11:45,-46.1927,168.8643,51.48,48,11,5.93,few clouds
4,Albany,US,2021-09-15 02:07:31,42.6001,-73.9662,72.73,82,97,7.49,overcast clouds
5,Bengkulu,ID,2021-09-15 02:11:46,-3.8004,102.2655,80.69,70,87,1.9,overcast clouds
6,Namatanai,PG,2021-09-15 02:11:46,-3.6667,152.4333,76.03,93,100,7.29,moderate rain
7,Chuy,UY,2021-09-15 02:11:46,-33.6971,-53.4616,47.62,81,0,9.51,clear sky
8,Cherskiy,RU,2021-09-15 02:11:47,68.75,161.3,41.97,82,100,3.83,light rain
9,Castro,BR,2021-09-15 02:11:47,-24.7911,-50.0119,64.2,98,100,0.98,overcast clouds
10,Vao,NC,2021-09-15 02:11:47,-22.6667,167.4833,72.16,86,7,21.16,clear sky
11,Danshui,CN,2021-09-15 02:11:48,22.7984,114.4672,90.01,63,66,4.5,broken clouds
12,Port Elizabeth,ZA,2021-09-15 02:11:48,-33.918,25.5701,57.09,77,94,18.16,overcast clouds
13,Bluff,NZ,2021-09-15 02:11:48,-46.6,168.3333,51.8,67,98,16.35,overcast clouds
14,Viedma,AR,2021-09-15 02:11:48,-40.8135,-62.9967,45.93,46,67,9.82,broken clouds
15,Dubbo,AU,2021-09-15 02:11:49,-32.25,148.6167,59.13,41,40,6.91,scattered clouds
16,Yichang,CN,2021-09-15 02:11:49,30.7144,111.2847,84.11,52,5,2.15,clear sky
17,Port Alfred,ZA,2021-09-15 02:11:49,-33.5906,26.891,61.05,87,100,21.34,moderate rain
18,Hobart,AU,2021-09-15 02:11:35,-42.8794,147.3294,54.05,60,75,3.0,broken clouds
19,Port Lincoln,AU,2021-09-15 02:11:50,-34.7333,135.8667,58.19,64,44,12.8,scattered clouds
20,Gigmoto,PH,2021-09-15 02:11:50,13.7796,124.39,86.95,67,77,4.76,broken clouds
21,Tessalit,ML,2021-09-15 02:11:50,20.1986,1.0114,89.2,20,6,11.36,clear sky
22,Upernavik,GL,2021-09-15 02:11:50,72.7868,-56.1549,26.69,68,65,5.08,broken clouds
23,Butaritari,KI,2021-09-15 02:11:51,3.0707,172.7902,82.71,73,26,11.63,scattered clouds
24,Bredasdorp,ZA,2021-09-15 02:11:51,-34.5322,20.0403,48.27,73,100,4.9,overcast clouds
25,Clyde River,CA,2021-09-15 02:11:51,70.4692,-68.5914,28.98,62,13,1.97,few clouds
26,Saint-Philippe,RE,2021-09-15 02:11:52,-21.3585,55.7679,67.59,78,39,6.67,scattered clouds
27,Lincolnton,US,2021-09-15 02:11:52,35.4737,-81.2545,74.98,77,0,4.54,clear sky
28,Yeppoon,AU,2021-09-15 02:11:52,-23.1333,150.7333,74.98,31,6,7.87,clear sky
29,Inuvik,CA,2021-09-15 02:11:52,68.3499,-133.7218,51.42,56,43,5.12,scattered clouds
30,Phalombe,MW,2021-09-15 02:11:53,-15.8064,35.6507,67.42,41,99,2.17,overcast clouds
31,Peniche,PT,2021-09-15 02:11:53,39.3558,-9.3811,66.09,94,52,1.19,broken clouds
32,Vaini,TO,2021-09-15 02:11:53,-21.2,-175.2,80.76,83,20,5.75,few clouds
33,Ramona,US,2021-09-15 02:11:54,33.0417,-116.8681,79.83,68,1,3.0,clear sky
34,Ushuaia,AR,2021-09-15 02:11:54,-54.8,-68.3,28.62,88,59,5.19,light snow
35,Dingle,PH,2021-09-15 02:11:54,10.9995,122.6711,84.69,77,88,7.34,overcast clouds
36,Katsuura,JP,2021-09-15 02:11:55,35.1333,140.3,77.11,84,100,11.74,overcast clouds
37,Puerto Baquerizo Moreno,EC,2021-09-15 02:11:55,-0.9,-89.6,68.43,85,76,10.71,broken clouds
38,Dyersburg,US,2021-09-15 02:10:39,36.0345,-89.3856,76.86,100,90,4.61,overcast clouds
39,Megion,RU,2021-09-15 02:11:55,61.0296,76.1136,33.82,82,9,4.85,clear sky
40,Yakima,US,2021-09-15 02:11:55,46.4665,-120.6678,77.54,41,1,3.44,clear sky
41,Torbay,CA,2021-09-15 02:11:56,47.6666,-52.7314,51.58,89,90,12.66,light intensity shower rain
42,Hilo,US,2021-09-15 02:08:52,19.7297,-155.09,82.13,72,20,9.22,few clouds
43,Guerrero Negro,MX,2021-09-15 02:11:56,27.9769,-114.0611,72.28,77,0,17.02,clear sky
44,Alofi,NU,2021-09-15 02:11:56,-19.0595,-169.9187,80.49,78,75,10.36,broken clouds
45,Saint-Pierre,RE,2021-09-15 02:11:57,-21.3393,55.4781,67.68,70,20,9.22,few clouds
46,Waipawa,NZ,2021-09-15 02:11:57,-41.4122,175.5153,55.45,71,100,6.33,overcast clouds
47,Flin Flon,CA,2021-09-15 02:11:57,54.7682,-101.865,50.41,65,13,5.37,few clouds
48,La Libertad,EC,2021-09-15 02:11:58,-2.2333,-80.9,69.08,86,100,10.87,overcast clouds
49,La Llave,MX,2021-09-15 02:11:58,20.4667,-99.9972,65.44,78,99,2.48,overcast clouds
50,Sioux Lookout,CA,2021-09-15 02:11:58,50.1001,-91.917,50.14,88,23,5.91,few clouds
51,New Norfolk,AU,2021-09-15 02:11:58,-42.7826,147.0587,53.71,53,92,3.0,overcast clouds
52,Kodiak,US,2021-09-15 02:11:59,57.79,-152.4072,56.71,44,40,5.75,scattered clouds
53,Saint George,US,2021-09-15 02:11:59,37.1041,-113.5841,92.95,11,1,1.01,clear sky
54,Dikson,RU,2021-09-15 02:11:59,73.5069,80.5464,39.97,91,18,18.88,few clouds
55,Lakes Entrance,AU,2021-09-15 02:12:00,-37.8811,147.981,55.17,62,22,5.39,few clouds
56,Anadyr,RU,2021-09-15 02:12:00,64.75,177.4833,45.1,61,0,8.95,clear sky
57,Port Hedland,AU,2021-09-15 02:12:00,-20.3167,118.5667,80.65,57,78,11.5,broken clouds
58,Kearney,US,2021-09-15 02:07:45,40.6995,-99.0815,65.98,79,1,1.01,clear sky
59,Esil,KZ,2021-09-15 02:12:00,51.9556,66.4042,58.69,32,95,14.29,overcast clouds
60,Bambous Virieux,MU,2021-09-15 02:12:01,-20.3428,57.7575,68.22,81,15,10.63,few clouds
61,Pevek,RU,2021-09-15 02:12:01,69.7008,170.3133,33.35,83,100,4.85,overcast clouds
62,Isangel,VU,2021-09-15 02:12:01,-19.55,169.2667,80.78,66,0,10.96,clear sky
63,Tiarei,PF,2021-09-15 02:12:02,-17.5333,-149.3333,84.22,71,2,18.14,clear sky
64,Jizan,SA,2021-09-15 02:12:02,17.3333,42.6667,86.74,73,10,5.64,clear sky
65,Hermanus,ZA,2021-09-15 02:12:02,-34.4187,19.2345,52.9,62,100,8.25,overcast clouds
66,Atuona,PF,2021-09-15 02:10:33,-9.8,-139.0333,78.24,71,0,20.47,clear sky
67,Leningradskiy,RU,2021-09-15 02:12:03,69.3833,178.4167,31.62,87,99,13.38,overcast clouds
68,San Carlos De Bariloche,AR,2021-09-15 02:12:03,-41.1456,-71.3082,40.75,70,40,23.02,moderate rain
69,Bethel,US,2021-09-15 02:12:03,41.3712,-73.414,70.65,87,1,5.75,clear sky
70,Fray Bentos,UY,2021-09-15 02:12:03,-33.1325,-58.2956,47.39,65,0,7.07,clear sky
71,Georgetown,MY,2021-09-15 02:11:33,5.4112,100.3354,82.33,77,20,0.0,few clouds
72,Puerto Ayora,EC,2021-09-15 02:09:09,-0.7393,-90.3518,67.55,94,32,3.0,scattered clouds
73,Cetraro,IT,2021-09-15 02:12:04,39.5166,15.9416,65.25,87,37,4.45,scattered clouds
74,Ribeira Grande,PT,2021-09-15 02:12:04,38.5167,-28.7,69.33,75,9,6.69,clear sky
75,Punta Arenas,CL,2021-09-15 02:12:04,-53.15,-70.9167,32.11,93,0,17.27,clear sky
76,Sirur,IN,2021-09-15 02:12:05,18.8333,74.3833,73.04,86,99,11.41,overcast clouds
77,Kaitangata,NZ,2021-09-15 02:12:05,-46.2817,169.8464,52.39,47,8,5.79,clear sky
78,Constitucion,CL,2021-09-15 02:12:05,-35.3333,-72.4167,47.52,73,1,10.07,clear sky
79,Kobryn,BY,2021-09-15 02:12:05,52.2138,24.3564,53.29,88,87,3.2,overcast clouds
80,Kalcheva,UA,2021-09-15 02:12:06,45.7374,28.8141,64.22,59,53,7.81,broken clouds
81,San Patricio,US,2021-09-15 02:12:06,28.017,-97.5169,86.09,65,84,10.89,broken clouds
82,Kungurtug,RU,2021-09-15 02:12:06,50.5994,97.5228,50.45,47,17,0.98,few clouds
83,Buala,SB,2021-09-15 02:12:07,-8.145,159.5921,85.21,67,100,9.37,light rain
84,Nisia Floresta,BR,2021-09-15 02:12:07,-6.0911,-35.2086,77.81,91,1,8.1,clear sky
85,Maniitsoq,GL,2021-09-15 02:12:07,65.4167,-52.9,35.06,59,2,9.33,clear sky
86,Severo-Kurilsk,RU,2021-09-15 02:12:07,50.6789,156.125,52.18,81,50,11.52,light rain
87,Pisco,PE,2021-09-15 02:07:18,-13.7,-76.2167,60.85,82,20,1.14,few clouds
88,Yelizovo,RU,2021-09-15 02:12:08,53.1873,158.3805,59.14,44,0,6.71,clear sky
89,Kashi,CN,2021-09-15 02:12:08,39.4547,75.9797,71.92,35,89,3.4,overcast clouds
90,Vorobyevka,RU,2021-09-15 02:12:08,50.6451,40.9245,55.99,52,100,10.09,overcast clouds
91,Khatanga,RU,2021-09-15 02:12:09,71.9667,102.5,41.9,85,68,3.83,broken clouds
92,Awjilah,LY,2021-09-15 02:12:09,29.1081,21.2869,73.42,47,0,9.1,clear sky
93,Klyuchi,RU,2021-09-15 02:12:09,52.2667,79.1667,57.02,43,3,8.75,clear sky
94,Vila,PT,2021-09-15 02:12:10,42.0304,-8.1588,55.33,94,99,2.51,overcast clouds
95,Burnie,AU,2021-09-15 02:12:10,-41.0667,145.9167,52.72,60,15,5.12,few clouds
96,Siverek,TR,2021-09-15 02:12:10,37.755,39.3167,68.61,52,0,4.14,clear sky
97,Tasiilaq,GL,2021-09-15 02:12:10,65.6145,-37.6368,41.16,68,100,2.33,overcast clouds
98,Mackay,AU,2021-09-15 02:12:11,-21.15,149.2,75.04,43,7,14.09,clear sky
99,Bonavista,CA,2021-09-15 02:12:11,48.6499,-53.1147,50.11,76,41,24.25,scattered clouds
100,Mahon,ES,2021-09-15 02:12:11,39.8885,4.2658,82.96,61,40,17.27,scattered clouds
101,Cape Town,ZA,2021-09-15 02:12:03,-33.9258,18.4232,53.11,68,59,9.44,broken clouds
102,Busselton,AU,2021-09-15 02:12:12,-33.65,115.3333,63.05,74,98,14.34,overcast clouds
103,Cabo San Lucas,MX,2021-09-15 02:10:04,22.8909,-109.9124,85.3,80,1,1.99,clear sky
104,Yellowknife,CA,2021-09-15 02:09:01,62.456,-114.3525,50.52,100,90,10.36,overcast clouds
105,Avarua,CK,2021-09-15 02:12:12,-21.2078,-159.775,77.05,78,75,13.8,light rain
106,Sitka,US,2021-09-15 02:11:46,57.0531,-135.33,51.69,82,90,6.91,light rain
107,Kvitok,RU,2021-09-15 02:12:12,56.0724,98.4813,43.86,73,48,10.18,scattered clouds
108,Jamestown,US,2021-09-15 02:12:13,42.097,-79.2353,76.59,79,1,7.0,clear sky
109,Praia Da Vitoria,PT,2021-09-15 02:12:13,38.7333,-27.0667,67.75,81,50,5.14,scattered clouds
110,Arraial Do Cabo,BR,2021-09-15 02:12:13,-22.9661,-42.0278,72.43,90,60,21.79,broken clouds
111,Lingao,CN,2021-09-15 02:12:14,19.9103,109.6859,86.49,68,96,3.47,overcast clouds
112,Juneau,US,2021-09-15 02:10:00,58.3019,-134.4197,51.85,95,90,12.66,moderate rain
113,Sidrolandia,BR,2021-09-15 02:12:14,-20.9319,-54.9614,77.79,56,99,5.46,overcast clouds
114,Marzuq,YE,2021-09-15 02:12:14,14.4,46.4667,83.37,36,96,2.04,overcast clouds
115,Bowen,AU,2021-09-15 02:12:14,-20.0167,148.2333,75.52,33,99,12.8,overcast clouds
116,Narsaq,GL,2021-09-15 02:12:15,60.9167,-46.05,35.82,61,9,4.76,clear sky
117,Riyadh,SA,2021-09-15 02:12:15,24.6877,46.7219,78.94,21,100,10.98,overcast clouds
118,Ambatondrazaka,MG,2021-09-15 02:12:15,-17.8333,48.4167,60.64,78,89,5.59,overcast clouds
119,Nikolskoye,RU,2021-09-15 02:12:16,59.7035,30.7861,46.29,83,10,8.3,clear sky
120,Naze,JP,2021-09-15 02:12:16,28.3667,129.4833,82.35,76,99,16.35,overcast clouds
121,Erenhot,CN,2021-09-15 02:12:16,43.6475,111.9767,64.67,71,100,17.63,moderate rain
122,Porosozero,RU,2021-09-15 02:12:16,62.7191,32.727,42.01,85,100,10.29,overcast clouds
123,Asfi,MA,2021-09-15 02:12:17,32.2994,-9.2372,69.21,92,0,10.11,clear sky
124,Padang,ID,2021-09-15 02:12:17,-0.9492,100.3543,83.44,67,92,1.5,overcast clouds
125,Chokurdakh,RU,2021-09-15 02:12:17,70.6333,147.9167,37.8,79,100,9.69,overcast clouds
126,Carnarvon,AU,2021-09-15 02:12:18,-24.8667,113.6333,68.07,56,90,6.91,overcast clouds
127,Rafsanjan,IR,2021-09-15 02:12:18,30.4067,55.9939,69.94,11,0,2.68,clear sky
128,Barrow,US,2021-09-15 02:12:18,71.2906,-156.7887,39.22,87,75,9.22,broken clouds
129,Roald,NO,2021-09-15 02:12:18,62.5833,6.1333,48.09,93,42,0.0,scattered clouds
130,Gannan,CN,2021-09-15 02:12:19,47.9147,123.5031,60.39,78,100,5.84,overcast clouds
131,George,ZA,2021-09-15 02:12:19,-33.963,22.4617,52.21,85,62,8.77,light rain
132,Ishigaki,JP,2021-09-15 02:12:19,24.3448,124.1572,77.13,94,75,10.36,heavy intensity rain
133,Hithadhoo,MV,2021-09-15 02:12:20,-0.6,73.0833,83.68,72,17,11.59,few clouds
134,Dabhol,IN,2021-09-15 02:12:20,17.6,73.1667,78.06,88,100,6.64,overcast clouds
135,Asau,RO,2021-09-15 02:12:20,46.4333,26.4,55.96,96,4,2.95,clear sky
136,Cidreira,BR,2021-09-15 02:12:20,-30.1811,-50.2056,60.58,87,100,15.39,overcast clouds
137,Mount Darwin,ZW,2021-09-15 02:12:21,-16.7725,31.5838,61.38,54,4,1.01,clear sky
138,Marshall,US,2021-09-15 02:12:21,34.3834,-86.3333,76.08,90,75,0.0,broken clouds
139,Kapaa,US,2021-09-15 02:12:21,22.0752,-159.319,87.78,68,75,4.0,light rain
140,Saldanha,ZA,2021-09-15 02:12:22,-33.0117,17.9442,55.24,61,56,15.86,broken clouds
141,Tiksi,RU,2021-09-15 02:12:22,71.6872,128.8694,39.69,94,100,9.13,light rain
142,Thompson,CA,2021-09-15 02:07:43,55.7435,-97.8558,49.96,60,71,3.76,broken clouds
143,Killybegs,IE,2021-09-15 02:12:22,54.6333,-8.45,58.44,94,100,3.0,overcast clouds
144,Norman Wells,CA,2021-09-15 02:12:23,65.282,-126.8329,50.04,81,75,5.75,light intensity shower rain
145,Acarau,BR,2021-09-15 02:12:23,-2.8856,-40.12,78.8,84,0,13.38,clear sky
146,Tupik,RU,2021-09-15 02:12:23,54.4253,119.9327,58.08,74,100,7.92,overcast clouds
147,Balabac,PH,2021-09-15 02:12:23,7.9868,117.0645,84.96,69,86,6.29,overcast clouds
148,Batagay,RU,2021-09-15 02:12:24,67.6333,134.6333,50.72,85,99,1.34,overcast clouds
149,Assiniboia,CA,2021-09-15 02:12:24,49.6334,-105.9845,63.03,36,44,4.27,scattered clouds
150,Nishihara,JP,2021-09-15 02:12:24,26.1842,127.7558,87.46,74,75,13.8,broken clouds
151,Hamilton,US,2021-09-15 02:08:39,39.1834,-84.5333,78.89,76,1,5.75,clear sky
152,Sao Filipe,CV,2021-09-15 02:12:25,14.8961,-24.4956,79.41,85,99,5.99,overcast clouds
153,Nanga Eboko,CM,2021-09-15 02:12:25,4.6833,12.3667,67.26,100,100,1.34,light rain
154,Tacna,PE,2021-09-15 02:12:25,-18.0056,-70.2483,52.7,91,51,1.77,broken clouds
155,Longyearbyen,SJ,2021-09-15 02:12:25,78.2186,15.6401,33.64,86,75,6.91,broken clouds
156,Cumberland,US,2021-09-15 02:12:26,35.0502,-78.8664,81.48,77,1,5.75,clear sky
157,Paramonga,PE,2021-09-15 02:12:26,-10.6667,-77.8333,61.34,85,95,10.25,overcast clouds
158,Lebu,CL,2021-09-15 02:12:26,-37.6167,-73.65,47.48,78,100,7.7,overcast clouds
159,Montepuez,MZ,2021-09-15 02:12:27,-13.1256,38.9997,63.59,94,48,1.61,scattered clouds
160,Arlit,NE,2021-09-15 02:12:27,18.7369,7.3853,94.15,24,30,11.36,scattered clouds
161,Honningsvag,NO,2021-09-15 02:12:27,70.9821,25.9704,44.26,71,100,5.19,overcast clouds
162,Baykit,RU,2021-09-15 02:12:27,61.67,96.37,41.2,96,99,1.05,overcast clouds
163,Novikovo,RU,2021-09-15 02:12:28,51.1537,37.8879,48.51,53,87,7.61,overcast clouds
164,Laguna,US,2021-09-15 02:12:28,38.421,-121.4238,96.93,22,1,1.99,smoke
165,Samarai,PG,2021-09-15 02:12:28,-10.6167,150.6667,79.93,81,67,14.56,broken clouds
166,Provideniya,RU,2021-09-15 02:12:28,64.3833,-173.3,44.71,70,90,4.47,overcast clouds
167,Novyy Urengoy,RU,2021-09-15 02:12:29,66.0833,76.6333,39.29,91,67,6.87,broken clouds
168,Andenes,NO,2021-09-15 02:12:29,69.3143,16.1194,44.58,81,90,3.44,overcast clouds
169,Jijiga,ET,2021-09-15 02:12:29,9.35,42.8,63.34,81,69,10.07,broken clouds
170,Preston,GB,2021-09-15 02:12:30,53.7667,-2.7167,58.15,3,17,2.68,few clouds
171,Ancud,CL,2021-09-15 02:12:30,-41.8697,-73.8203,48.42,92,100,12.73,light rain
172,Kilindoni,TZ,2021-09-15 02:12:30,-7.9139,39.6668,76.53,77,46,11.65,scattered clouds
173,Lesnoy,RU,2021-09-15 02:12:30,57.6198,63.0784,51.39,94,100,6.4,overcast clouds
174,Monroe,US,2021-09-15 02:12:31,43.1501,-77.6831,78.4,73,75,11.5,broken clouds
175,Haines Junction,CA,2021-09-15 02:12:31,60.7522,-137.5108,45.79,69,100,4.59,overcast clouds
176,Tuatapere,NZ,2021-09-15 02:12:31,-46.1333,167.6833,51.82,61,29,8.63,scattered clouds
177,Geraldton,AU,2021-09-15 02:12:32,-28.7667,114.6,68.41,49,21,8.05,few clouds
178,Havre-Saint-Pierre,CA,2021-09-15 02:12:32,50.2334,-63.5986,43.56,63,54,10.04,broken clouds
179,Road Town,VG,2021-09-15 02:11:49,18.4167,-64.6167,83.19,79,100,16.02,overcast clouds
180,Sinnamary,GF,2021-09-15 02:12:32,5.3833,-52.95,78.46,86,0,7.96,clear sky
181,Portalegre,PT,2021-09-15 02:12:32,39.2938,-7.4312,59.92,86,29,0.89,scattered clouds
182,Mar Del Plata,AR,2021-09-15 02:12:33,-38.0023,-57.5575,43.11,81,11,9.28,few clouds
183,Luderitz,NA,2021-09-15 02:12:33,-26.6481,15.1594,51.1,76,0,13.78,clear sky
184,Victoria,HK,2021-09-15 02:08:24,22.2855,114.1577,89.96,71,46,1.01,scattered clouds
185,Kahramanmaras,TR,2021-09-15 02:12:33,38.0,37.0,57.83,87,0,4.27,clear sky
186,Olinda,BR,2021-09-15 02:12:34,-8.0089,-34.8553,76.73,73,75,12.66,broken clouds
187,Chany,RU,2021-09-15 02:12:34,55.3121,76.7647,52.3,79,100,10.29,overcast clouds
188,Sindor,RU,2021-09-15 02:12:34,62.8629,51.8905,36.21,98,100,5.59,overcast clouds
189,Mahebourg,MU,2021-09-15 02:12:35,-20.4081,57.7,68.25,81,8,11.25,clear sky
190,Oparino,RU,2021-09-15 02:12:35,59.8518,48.2783,40.33,97,100,3.87,overcast clouds
191,Nchelenge,ZM,2021-09-15 02:12:35,-9.3451,28.734,78.42,42,97,6.33,overcast clouds
192,Amazar,RU,2021-09-15 02:12:35,53.858,120.875,57.58,69,100,3.58,overcast clouds
193,Hervey Bay,AU,2021-09-15 02:12:36,-25.2986,152.8535,71.71,40,0,8.77,clear sky
194,Ugoofaaru,MV,2021-09-15 02:12:36,5.6667,73.0,83.55,73,100,15.75,overcast clouds
195,Hami,CN,2021-09-15 02:12:36,42.8,93.45,76.46,20,8,8.19,clear sky
196,Los Llanos De Aridane,ES,2021-09-15 02:12:37,28.6585,-17.9182,69.55,78,0,5.75,clear sky
197,Trincomalee,LK,2021-09-15 02:12:37,8.5711,81.2335,83.01,71,100,17.52,overcast clouds
198,Orodara,BF,2021-09-15 02:12:37,10.9492,-4.9342,69.04,92,87,2.68,overcast clouds
199,Bahia Blanca,AR,2021-09-15 02:10:15,-38.7196,-62.2724,48.13,48,0,8.3,clear sky
200,Abaza,RU,2021-09-15 02:12:38,52.655,90.0928,51.01,51,100,5.75,overcast clouds
201,Aguimes,ES,2021-09-15 02:12:38,27.9054,-15.4461,70.43,75,20,11.5,few clouds
202,Christchurch,NZ,2021-09-15 02:12:10,-43.5333,172.6333,52.32,62,40,7.0,scattered clouds
203,Sabha,LY,2021-09-15 02:12:38,27.0377,14.4283,75.09,37,0,13.47,clear sky
204,Urucui,BR,2021-09-15 02:12:39,-7.2294,-44.5561,84.25,33,40,5.53,scattered clouds
205,Ossora,RU,2021-09-15 02:12:39,59.2353,163.0719,52.93,49,5,13.69,clear sky
206,Mizan Teferi,ET,2021-09-15 02:12:39,6.9833,35.5833,61.75,83,68,3.24,broken clouds
207,Aras,ES,2021-09-15 02:12:39,42.5617,-2.356,62.71,100,0,5.75,clear sky
208,Sabang,ID,2021-09-15 02:12:40,5.8933,95.3214,82.15,72,100,8.05,overcast clouds
209,Correntina,BR,2021-09-15 02:12:40,-13.3433,-44.6367,77.7,27,37,7.23,scattered clouds
210,Betare Oya,CM,2021-09-15 02:12:40,5.6,14.0833,65.57,98,100,4.25,moderate rain
211,Pemangkat,ID,2021-09-15 02:12:41,1.1667,108.9667,77.41,80,100,5.5,overcast clouds
212,Coahuayana,MX,2021-09-15 02:12:41,18.7333,-103.6833,80.08,94,100,2.68,overcast clouds
213,Comodoro Rivadavia,AR,2021-09-15 02:09:02,-45.8667,-67.5,53.46,43,0,25.32,clear sky
214,Normandin,CA,2021-09-15 02:12:41,48.8333,-72.5321,52.11,72,100,11.83,overcast clouds
215,Lorengau,PG,2021-09-15 02:12:41,-2.0226,147.2712,83.25,75,96,7.99,overcast clouds
216,Mimarsinan,TR,2021-09-15 02:12:42,41.0032,28.5377,71.22,77,100,11.05,overcast clouds
217,Faanui,PF,2021-09-15 02:12:42,-16.4833,-151.75,79.29,71,1,17.69,clear sky
218,Ninotsminda,GE,2021-09-15 02:12:42,41.2646,43.5916,52.25,87,0,5.21,clear sky
219,Bara,NG,2021-09-15 02:12:43,10.3744,10.7288,72.81,95,89,5.35,overcast clouds
220,Sunderland,GB,2021-09-15 02:12:43,54.9047,-1.3822,56.17,95,100,5.3,overcast clouds
221,Vanimo,PG,2021-09-15 02:12:43,-2.6741,141.3028,86.22,61,19,4.76,few clouds
222,Ishinomaki,JP,2021-09-15 02:12:43,38.4167,141.3,73.49,72,30,8.81,scattered clouds
223,La Ronge,CA,2021-09-15 02:12:44,55.1001,-105.2842,54.99,58,100,6.33,overcast clouds
224,Ayagoz,KZ,2021-09-15 02:12:44,47.9714,80.4392,53.98,22,67,6.89,broken clouds
225,Guane,CU,2021-09-15 02:12:44,22.2025,-84.0875,77.99,83,100,2.37,overcast clouds
226,Qaanaaq,GL,2021-09-15 02:12:45,77.484,-69.3632,16.9,90,80,6.08,broken clouds
227,Katsina,NG,2021-09-15 02:12:45,12.9894,7.6006,75.06,78,19,5.3,light rain
228,Lagoa,PT,2021-09-15 02:12:45,39.05,-27.9833,68.02,76,72,5.48,broken clouds
229,Palmer,US,2021-09-15 02:12:45,42.1584,-72.3287,67.46,77,42,4.23,scattered clouds
230,Ahipara,NZ,2021-09-15 02:12:46,-35.1667,173.1667,64.42,78,100,10.2,overcast clouds
231,Sur,OM,2021-09-15 02:12:46,22.5667,59.5289,85.57,46,100,3.94,overcast clouds
232,Nuuk,GL,2021-09-15 02:12:46,64.1835,-51.7216,34.41,64,0,6.91,clear sky
233,Bilibino,RU,2021-09-15 02:12:47,68.0546,166.4372,39.0,97,100,2.28,overcast clouds
234,Verkhoyansk,RU,2021-09-15 02:12:47,67.5447,133.385,56.84,58,16,2.21,few clouds
235,Tukrah,LY,2021-09-15 02:12:47,32.5341,20.5791,76.28,65,4,8.9,clear sky
236,Vila Velha,BR,2021-09-15 02:12:47,-20.3297,-40.2925,75.15,83,0,13.8,clear sky
237,Shiraz,IR,2021-09-15 02:12:48,29.6036,52.5388,69.78,21,0,4.72,clear sky
238,Khani,GE,2021-09-15 02:12:48,41.9563,42.9566,58.57,88,4,3.49,clear sky
239,Tautira,PF,2021-09-15 02:12:48,-17.7333,-149.15,84.22,71,15,17.27,few clouds
240,Nemuro,JP,2021-09-15 02:12:49,43.3236,145.575,56.55,63,0,1.07,clear sky
241,Mananjary,MG,2021-09-15 02:12:49,-21.2167,48.3333,66.29,91,17,6.76,few clouds
242,Coihaique,CL,2021-09-15 02:12:49,-45.5752,-72.0662,44.55,81,90,4.61,light rain
243,Mitsamiouli,KM,2021-09-15 02:12:49,-11.3847,43.2844,76.55,76,89,3.13,overcast clouds
244,Balkanabat,TM,2021-09-15 02:12:50,39.5108,54.3671,75.2,62,0,1.52,clear sky
245,Vallenar,CL,2021-09-15 02:12:50,-28.5708,-70.7581,58.84,51,0,3.15,clear sky
246,Saint-Georges,GD,2021-09-15 02:12:50,12.0564,-61.7485,81.68,81,9,11.36,clear sky
247,Linguere,SN,2021-09-15 02:12:50,15.3953,-15.1193,81.81,81,5,10.96,clear sky
248,Cockburn Town,TC,2021-09-15 02:12:51,21.4612,-71.1419,82.67,78,64,12.06,broken clouds
249,Yulara,AU,2021-09-15 02:12:51,-25.2406,130.9889,84.7,16,2,5.37,clear sky
250,Winslow,US,2021-09-15 02:12:51,35.0242,-110.6974,83.97,20,20,1.01,few clouds
251,Ponta Do Sol,PT,2021-09-15 02:12:52,32.6667,-17.1,74.03,73,31,7.7,scattered clouds
252,Hofn,IS,2021-09-15 02:12:52,64.2539,-15.2082,51.31,88,100,16.15,overcast clouds
253,Lata,PT,2021-09-15 02:12:52,40.1629,-8.3327,64.08,91,99,0.63,light rain
254,Omsukchan,RU,2021-09-15 02:12:53,62.5333,155.8,52.32,55,36,1.07,scattered clouds
255,Jesus Maria,AR,2021-09-15 02:12:53,-30.9815,-64.0942,53.11,26,0,3.4,clear sky
256,Presov,SK,2021-09-15 02:12:53,49.1667,21.25,56.55,88,18,2.57,few clouds
257,Karaman,TR,2021-09-15 02:12:53,37.0833,33.25,53.98,87,15,4.94,few clouds
258,Bartica,GY,2021-09-15 02:12:54,6.4,-58.6167,73.72,98,39,2.66,scattered clouds
259,Bambanglipuro,ID,2021-09-15 02:12:54,-7.95,110.2833,81.34,72,100,4.59,overcast clouds
260,Poltava,UA,2021-09-15 02:12:54,49.5937,34.5407,50.16,48,100,7.05,overcast clouds
261,Gimli,CA,2021-09-15 02:12:55,50.6336,-96.9907,53.44,59,11,1.92,few clouds
262,Batemans Bay,AU,2021-09-15 02:12:55,-35.7167,150.1833,64.2,58,96,9.26,overcast clouds
263,Talnakh,RU,2021-09-15 02:12:55,69.4865,88.3972,40.28,90,100,7.09,light rain
264,Rio Pardo De Minas,BR,2021-09-15 02:12:56,-15.6097,-42.5397,68.45,43,4,4.05,clear sky
265,Weligama,LK,2021-09-15 02:12:56,5.9667,80.4167,80.33,82,88,6.6,overcast clouds
266,Matara,LK,2021-09-15 02:12:56,5.9485,80.5353,80.58,81,100,7.0,overcast clouds
267,Derzhavinsk,KZ,2021-09-15 02:12:56,51.1,66.3167,59.38,31,100,15.5,overcast clouds
268,Mecca,SA,2021-09-15 02:12:57,21.4267,39.8261,83.61,34,11,3.67,few clouds
269,Benguela,AO,2021-09-15 02:12:57,-12.5763,13.4055,70.34,84,19,6.33,few clouds
270,Acapulco,MX,2021-09-15 02:12:57,16.8634,-99.8901,80.42,78,40,5.75,scattered clouds
271,Corralillo,CU,2021-09-15 02:12:57,22.9819,-80.5856,77.74,85,99,7.0,overcast clouds
272,Tucurui,BR,2021-09-15 02:12:58,-3.7661,-49.6725,76.84,78,68,4.09,broken clouds
273,Adjumani,UG,2021-09-15 02:12:58,3.3779,31.7909,66.38,93,58,2.55,light rain
274,Xiangxiang,CN,2021-09-15 02:11:34,27.7333,112.5333,84.29,62,10,5.7,clear sky
275,Bend,US,2021-09-15 02:12:58,44.0582,-121.3153,77.47,30,2,4.0,clear sky
276,Korfez,TR,2021-09-15 02:12:59,40.7767,29.7297,67.78,86,100,3.87,overcast clouds
277,Airai,TL,2021-09-15 02:12:59,-8.9266,125.4092,76.89,39,60,5.41,broken clouds
278,Honiara,SB,2021-09-15 02:12:59,-9.4333,159.95,85.73,70,100,8.81,overcast clouds
279,Baraki Barak,AF,2021-09-15 02:12:59,33.9675,68.9486,66.22,40,0,1.7,clear sky
280,Touros,BR,2021-09-15 02:13:00,-5.1989,-35.4608,77.9,84,0,13.2,clear sky
281,Zaysan,KZ,2021-09-15 02:13:00,47.4667,84.8667,58.41,24,0,1.48,clear sky
282,Port Blair,IN,2021-09-15 02:13:00,11.6667,92.75,80.64,94,90,8.05,overcast clouds
283,Ostrovnoy,RU,2021-09-15 02:13:01,68.0531,39.5131,39.97,84,50,11.63,scattered clouds
284,Rundu,NA,2021-09-15 02:13:01,-17.9333,19.7667,64.15,19,6,4.0,clear sky
285,Zwedru,LR,2021-09-15 02:13:01,6.0667,-8.1281,71.67,98,100,4.68,light rain
286,Broken Hill,AU,2021-09-15 02:13:02,-31.95,141.4333,64.76,31,29,5.46,scattered clouds
287,San Cristobal,VE,2021-09-15 02:13:02,7.7669,-72.225,69.98,84,36,2.19,scattered clouds
288,Karangampel,ID,2021-09-15 02:13:02,-6.4622,108.4519,82.42,68,100,9.24,overcast clouds
289,Lavrentiya,RU,2021-09-15 02:13:02,65.5833,-171.0,42.1,72,100,8.86,overcast clouds
290,Antalaha,MG,2021-09-15 02:13:03,-14.9003,50.2788,68.41,89,95,7.09,overcast clouds
291,Husavik,IS,2021-09-15 02:13:03,66.0449,-17.3389,46.13,69,94,12.93,overcast clouds
292,Ust-Kut,RU,2021-09-15 02:13:03,56.7938,105.7672,45.88,76,100,4.29,overcast clouds
293,Ngunguru,NZ,2021-09-15 02:13:04,-35.6167,174.5,63.16,78,99,11.81,moderate rain
294,Pinega,RU,2021-09-15 02:13:04,64.7001,43.3936,33.31,95,12,8.86,few clouds
295,Inhambane,MZ,2021-09-15 02:13:04,-23.865,35.3833,71.74,90,0,11.21,clear sky
296,Muzhi,RU,2021-09-15 02:13:04,65.3667,64.6667,41.9,86,100,3.0,overcast clouds
297,Long,TH,2021-09-15 02:13:05,18.0761,99.8326,78.75,93,100,2.17,overcast clouds
298,Kavaratti,IN,2021-09-15 02:13:05,10.5669,72.642,81.18,80,94,19.69,overcast clouds
299,Klaksvik,FO,2021-09-15 02:13:05,62.2266,-6.589,50.92,93,100,6.33,overcast clouds
300,Labuhan,ID,2021-09-15 02:13:06,-6.8844,112.2051,85.32,60,56,4.09,broken clouds
301,Kamyshevatskaya,RU,2021-09-15 02:13:06,46.4132,37.9563,67.48,74,10,5.23,clear sky
302,Beloha,MG,2021-09-15 02:13:06,-25.1667,45.05,66.29,53,0,3.89,clear sky
303,Sisimiut,GL,2021-09-15 02:13:06,66.9395,-53.6735,34.72,76,78,6.55,broken clouds
304,Makasar,ID,2021-09-15 02:13:07,-5.14,119.4221,84.25,65,20,2.3,few clouds
305,Ixtapa,MX,2021-09-15 02:13:07,20.7,-105.2,79.23,94,90,0.0,overcast clouds
306,Pierre,US,2021-09-15 02:13:07,44.3683,-100.351,69.85,65,1,1.99,clear sky
307,Seryshevo,RU,2021-09-15 02:13:08,51.0933,128.3786,61.52,74,100,8.12,overcast clouds
308,Necocli,CO,2021-09-15 02:13:08,8.4234,-76.786,76.98,87,89,2.86,overcast clouds
309,Esperance,AU,2021-09-15 02:13:08,-33.8667,121.9,66.56,51,95,17.27,overcast clouds
310,Te Anau,NZ,2021-09-15 02:13:08,-45.4167,167.7167,46.83,77,3,1.34,clear sky
311,Kjollefjord,NO,2021-09-15 02:13:09,70.9457,27.3465,42.04,78,100,4.56,overcast clouds
312,Port Hardy,CA,2021-09-15 02:13:09,50.6996,-127.4199,53.89,88,65,13.62,broken clouds
313,San Fernando,PH,2021-09-15 02:13:09,15.0286,120.6898,89.15,68,11,3.42,few clouds
314,Lauf,DE,2021-09-15 02:13:10,48.65,8.1333,67.8,90,90,2.3,overcast clouds
315,Fortuna,US,2021-09-15 02:13:10,40.5982,-124.1573,60.91,67,1,1.01,clear sky
316,Yokadouma,CM,2021-09-15 02:13:10,3.5167,15.05,68.2,99,99,0.6,overcast clouds
317,Sorgun,TR,2021-09-15 02:13:10,39.8101,35.186,58.44,82,99,10.8,overcast clouds
318,Laishevo,RU,2021-09-15 02:13:11,55.4046,49.5504,46.62,77,80,11.81,broken clouds
319,Baghdad,IQ,2021-09-15 02:09:03,33.3406,44.4009,73.31,46,0,6.91,clear sky
320,Aswan,EG,2021-09-15 02:13:11,24.0934,32.907,86.11,30,0,9.73,clear sky
321,Ukiah,US,2021-09-15 02:10:01,39.1502,-123.2078,89.49,17,1,3.44,clear sky
322,High Level,CA,2021-09-15 02:13:11,58.5169,-117.136,55.51,82,90,5.75,moderate rain
323,Vetovo,BG,2021-09-15 02:13:12,43.7,26.2667,62.06,54,13,0.87,few clouds
324,Emerald,AU,2021-09-15 02:13:12,-23.5333,148.1667,74.44,18,3,11.48,clear sky
325,Pinos,MX,2021-09-15 02:13:12,22.3,-101.5667,65.39,74,100,4.41,overcast clouds
326,Ust-Tsilma,RU,2021-09-15 02:13:13,65.441,52.1498,34.68,98,93,5.93,overcast clouds
327,Aljustrel,PT,2021-09-15 02:13:13,37.8776,-8.1652,63.12,88,8,3.87,clear sky
328,Beringovskiy,RU,2021-09-15 02:13:13,63.05,179.3167,42.66,65,100,14.0,overcast clouds
329,Bella Union,UY,2021-09-15 02:13:14,-30.2752,-57.6007,50.22,66,0,4.76,clear sky
330,Mount Gambier,AU,2021-09-15 02:13:14,-37.8333,140.7667,53.35,55,100,6.04,overcast clouds
331,Mezen,RU,2021-09-15 02:13:14,65.8522,44.24,34.79,90,11,8.25,few clouds
332,Terrace Bay,CA,2021-09-15 02:13:14,48.7834,-87.1,55.13,90,24,7.65,few clouds
333,Onalaska,US,2021-09-15 02:12:28,43.8844,-91.2351,64.24,87,1,0.0,clear sky
334,Buzovna,AZ,2021-09-15 02:13:15,40.5179,50.1139,68.09,83,0,6.91,clear sky
335,Champerico,GT,2021-09-15 02:13:15,14.3,-91.9167,82.35,82,75,5.95,broken clouds
336,Hanmer Springs,NZ,2021-09-15 02:13:15,-42.5167,172.8167,49.39,67,20,3.36,few clouds
337,Waiouru,NZ,2021-09-15 02:13:16,-39.4833,175.6667,41.79,98,100,2.77,light rain
338,Vardo,NO,2021-09-15 02:13:16,70.3705,31.1107,42.75,74,100,9.1,overcast clouds
339,Terra Santa,BR,2021-09-15 02:13:16,-2.1042,-56.4869,81.72,49,25,1.61,scattered clouds
340,Severodvinsk,RU,2021-09-15 02:13:17,64.5635,39.8302,37.51,85,15,12.55,few clouds
341,Aklavik,CA,2021-09-15 02:13:17,68.2191,-135.0107,52.14,64,56,1.66,broken clouds
342,Macia,MZ,2021-09-15 02:13:17,-25.0269,33.0989,70.3,69,0,9.4,clear sky
343,Avera,US,2021-09-15 02:13:17,33.194,-82.5271,75.7,65,100,6.53,overcast clouds
344,Askiz,RU,2021-09-15 02:13:18,53.1319,90.5264,51.26,53,100,6.35,overcast clouds
345,Noumea,NC,2021-09-15 02:10:23,-22.2763,166.4572,85.98,61,4,7.0,clear sky
346,Shimoda,JP,2021-09-15 02:13:18,34.6667,138.95,74.1,83,91,13.4,overcast clouds
347,Salinopolis,BR,2021-09-15 02:13:18,-0.6136,-47.3561,78.13,82,0,7.45,clear sky
348,Urumqi,CN,2021-09-15 02:13:18,43.801,87.6005,65.35,37,0,6.71,clear sky
349,Orthez,FR,2021-09-15 02:13:19,43.4884,-0.7724,67.8,90,98,4.52,overcast clouds
350,Ryotsu,JP,2021-09-15 02:13:19,38.0833,138.4333,73.04,64,92,10.42,overcast clouds
351,Russell,US,2021-09-15 02:13:19,32.3502,-85.1999,78.4,87,90,3.44,overcast clouds
352,Albanel,CA,2021-09-15 02:13:20,48.8832,-72.4487,51.94,68,100,13.02,overcast clouds
353,Uruacu,BR,2021-09-15 02:13:20,-14.5247,-49.1408,81.75,22,14,1.23,few clouds
354,Bisira,PA,2021-09-15 02:13:20,8.5196,-81.7115,61.23,97,98,1.7,overcast clouds
355,Ulaangom,MN,2021-09-15 02:13:20,49.9811,92.0667,56.16,37,38,1.23,scattered clouds
356,Fort Nelson,CA,2021-09-15 02:13:21,58.8053,-122.7002,46.69,77,100,5.88,overcast clouds
357,Chara,RU,2021-09-15 02:13:21,56.9064,118.2631,45.27,92,100,7.87,moderate rain
358,Mazamari,PE,2021-09-15 02:13:21,-11.3258,-74.5308,69.8,96,20,1.99,few clouds
359,Vostok,RU,2021-09-15 02:13:22,46.4856,135.8833,60.4,41,6,4.74,clear sky
360,Casino,AU,2021-09-15 02:13:22,-28.8667,153.05,69.75,37,7,10.36,clear sky
361,Esna,EG,2021-09-15 02:13:22,25.2934,32.554,85.75,29,0,11.77,clear sky
362,Kempsey,AU,2021-09-15 02:13:23,-31.0833,152.8333,60.62,59,100,9.48,overcast clouds
363,Kiunga,PG,2021-09-15 02:13:23,-6.1219,141.2906,86.63,64,76,3.11,broken clouds
364,Gornopravdinsk,RU,2021-09-15 02:13:23,60.05,69.9,40.8,85,100,5.95,overcast clouds
365,Evensk,RU,2021-09-15 02:13:23,61.95,159.2333,53.62,51,20,4.56,few clouds
366,Alta Floresta,BR,2021-09-15 02:13:24,-9.8756,-56.0861,74.17,79,19,3.49,few clouds
367,Tocopilla,CL,2021-09-15 02:13:24,-22.092,-70.1979,59.76,71,96,4.0,overcast clouds
368,Teknaf,BD,2021-09-15 02:13:24,20.8624,92.3058,79.57,88,100,5.39,overcast clouds
369,Parsons,US,2021-09-15 02:13:25,37.3403,-95.2611,80.71,73,77,5.59,broken clouds
370,Kutum,SD,2021-09-15 02:13:25,14.2,24.6667,74.7,52,97,4.99,overcast clouds
371,Pangnirtung,CA,2021-09-15 02:13:25,66.1451,-65.7125,32.04,66,52,3.22,broken clouds
372,Lixourion,GR,2021-09-15 02:13:26,38.2019,20.4314,64.26,79,0,9.6,clear sky
373,Miragoane,HT,2021-09-15 02:13:26,18.4423,-73.0876,81.97,73,13,3.04,few clouds
374,Nigran,ES,2021-09-15 02:13:26,42.1415,-8.8066,66.04,90,90,1.14,fog
375,Benghazi,LY,2021-09-15 02:13:26,32.1167,20.0667,78.12,60,19,11.25,few clouds
376,Srednekolymsk,RU,2021-09-15 02:13:27,67.45,153.6833,56.32,51,100,4.47,overcast clouds
377,Humaita,BR,2021-09-15 02:13:27,-7.5061,-63.0208,80.1,54,2,2.82,clear sky
378,Deputatskiy,RU,2021-09-15 02:13:27,69.3,139.9,49.87,61,31,3.4,scattered clouds
379,Okmulgee,US,2021-09-15 02:13:27,35.6234,-95.9605,83.12,78,40,0.0,scattered clouds
380,Victor Harbor,AU,2021-09-15 02:13:28,-35.5667,138.6167,64.18,59,3,8.97,clear sky
381,Salekhard,RU,2021-09-15 02:13:28,66.53,66.6019,43.79,84,99,5.06,overcast clouds
382,Souillac,MU,2021-09-15 02:13:28,-20.5167,57.5167,68.36,84,0,10.67,clear sky
383,Salalah,OM,2021-09-15 02:13:29,17.0151,54.0924,80.69,94,75,5.75,broken clouds
384,Jhajjar,IN,2021-09-15 02:13:29,28.6063,76.6565,86.32,76,5,7.94,clear sky
385,Kitaibaraki,JP,2021-09-15 02:13:29,36.7833,140.75,79.9,77,71,9.17,broken clouds
386,Ilulissat,GL,2021-09-15 02:13:29,69.2167,-51.1,30.22,80,40,9.22,scattered clouds
387,Bereda,ES,2021-09-15 02:13:30,43.2686,-7.5406,65.41,100,98,2.62,overcast clouds
388,Gladstone,AU,2021-09-15 02:13:30,-23.85,151.25,73.33,20,0,5.75,clear sky
389,Katherine,AU,2021-09-15 02:13:30,-14.4667,132.2667,93.52,38,63,6.91,broken clouds
390,Gizo,SB,2021-09-15 02:13:31,-8.103,156.8419,82.27,73,100,9.51,light rain
391,Nouakchott,MR,2021-09-15 02:10:54,18.0858,-15.9785,89.53,71,20,7.67,few clouds
392,Ardakan,IR,2021-09-15 02:13:31,32.31,54.0175,73.0,8,0,3.56,clear sky
393,Kieta,PG,2021-09-15 02:13:31,-6.2167,155.6333,77.18,91,100,6.38,moderate rain
394,Pyapon,MM,2021-09-15 02:13:31,16.2833,95.6833,76.8,95,100,6.11,overcast clouds
395,Myanaung,MM,2021-09-15 02:13:32,18.2833,95.3167,80.15,84,92,2.01,overcast clouds
396,Bathsheba,BB,2021-09-15 02:13:32,13.2167,-59.5167,82.42,80,5,12.57,clear sky
397,Green River,US,2021-09-15 02:12:44,41.5286,-109.4662,68.18,29,1,5.99,clear sky
398,Salvador,SV,2021-09-15 02:13:32,13.8333,-88.9167,72.0,96,73,1.92,broken clouds
399,Raton,US,2021-09-15 02:13:33,36.9034,-104.4391,60.64,81,40,8.05,scattered clouds
400,Tura,IN,2021-09-15 02:13:33,25.5198,90.2201,78.73,87,72,1.74,broken clouds
401,Kulhudhuffushi,MV,2021-09-15 02:13:33,6.6221,73.07,83.21,75,83,15.28,broken clouds
402,Harper,LR,2021-09-15 02:13:34,4.375,-7.7169,76.68,89,100,11.01,moderate rain
403,Paamiut,GL,2021-09-15 02:13:34,61.994,-49.6678,37.83,68,0,20.0,clear sky
404,Price,US,2021-09-15 02:13:34,39.5994,-110.8107,75.11,27,1,11.5,clear sky
405,San Vicente,AR,2021-09-15 02:13:35,-26.6167,-54.1333,59.34,98,97,4.63,overcast clouds
406,Alyangula,AU,2021-09-15 02:13:35,-13.8483,136.4192,84.9,63,59,7.87,broken clouds
407,Isiro,CD,2021-09-15 02:13:35,2.7739,27.616,63.12,98,100,1.52,overcast clouds
408,Williston,US,2021-09-15 02:08:42,48.147,-103.618,69.31,51,53,4.59,broken clouds
409,Tokat,TR,2021-09-15 02:13:36,40.4167,36.5833,52.38,95,100,4.7,overcast clouds
410,Palembang,ID,2021-09-15 02:12:07,-2.9167,104.7458,82.49,78,20,9.22,few clouds
411,Inongo,CD,2021-09-15 02:13:36,-1.95,18.2667,68.04,94,2,4.83,clear sky
412,Chicama,PE,2021-09-15 02:13:36,-7.8447,-79.1469,64.02,81,45,6.62,scattered clouds
413,Ongandjera,NA,2021-09-15 02:13:37,-17.8833,15.0667,63.14,34,5,10.58,clear sky
414,Bad Kissingen,DE,2021-09-15 02:13:37,50.2,10.0833,63.14,96,100,2.48,overcast clouds
415,Jalu,LY,2021-09-15 02:13:37,29.0331,21.5482,73.63,44,0,8.16,clear sky
416,Whitehorse,CA,2021-09-15 02:13:37,60.7161,-135.0538,49.01,66,99,2.64,overcast clouds
417,Richards Bay,ZA,2021-09-15 02:13:38,-28.783,32.0377,69.4,85,34,15.97,scattered clouds
418,Saskylakh,RU,2021-09-15 02:13:38,71.9167,114.0833,45.57,82,100,7.72,overcast clouds
419,Faya,SA,2021-09-15 02:13:39,18.3851,42.4509,61.32,54,11,3.78,few clouds
420,Hasaki,JP,2021-09-15 02:13:39,35.7333,140.8333,79.02,81,99,8.25,overcast clouds
421,Qui Nhon,VN,2021-09-15 02:13:39,13.7667,109.2333,84.99,73,76,11.05,broken clouds
422,Pacific Grove,US,2021-09-15 02:13:40,36.6177,-121.9166,72.16,85,1,1.01,clear sky
423,Tuktoyaktuk,CA,2021-09-15 02:13:40,69.4541,-133.0374,45.64,65,30,8.95,scattered clouds
424,Kambove,CD,2021-09-15 02:13:40,-10.8764,26.5969,70.63,44,100,4.56,overcast clouds
425,Carmen,MX,2021-09-15 02:13:41,18.6333,-91.8333,86.04,79,1,5.75,clear sky
426,Alice Springs,AU,2021-09-15 02:13:41,-23.7,133.8833,87.35,12,1,13.8,clear sky
427,Awbari,LY,2021-09-15 02:13:41,26.5921,12.7805,75.09,29,0,8.16,clear sky
428,Ardesen,TR,2021-09-15 02:13:41,41.1911,40.9875,69.76,79,38,2.91,scattered clouds
429,Copiapo,CL,2021-09-15 02:09:27,-27.3667,-70.3333,51.49,63,0,0.6,clear sky
430,Znamenskoye,RU,2021-09-15 02:13:42,57.1281,73.8282,46.72,99,100,3.51,light rain
431,Valle Del Guamuez,CO,2021-09-15 02:13:42,0.4525,-76.9192,73.65,78,31,2.73,scattered clouds
432,Edd,ER,2021-09-15 02:13:42,13.9297,41.6925,88.97,63,15,5.35,few clouds
433,Poyarkovo,RU,2021-09-15 02:13:43,49.6,128.6833,62.96,68,100,4.9,overcast clouds
434,Vagur,FO,2021-09-15 02:13:43,61.4732,-6.8119,52.5,93,100,7.83,overcast clouds
435,Marawi,PH,2021-09-15 02:13:43,7.9986,124.2928,73.65,63,26,2.08,scattered clouds
436,Antofagasta,CL,2021-09-15 02:13:43,-23.65,-70.4,58.28,82,96,2.73,overcast clouds
437,Gat,IL,2021-09-15 02:13:44,31.61,34.7642,73.81,58,6,4.14,clear sky
438,Aldan,RU,2021-09-15 02:13:44,58.6031,125.3894,61.0,61,91,12.77,overcast clouds
439,Banda Aceh,ID,2021-09-15 02:12:27,5.5577,95.3222,82.38,68,100,5.57,overcast clouds
440,Milas,TR,2021-09-15 02:13:44,37.3164,27.7839,61.95,77,0,2.3,clear sky
441,Jega,NG,2021-09-15 02:13:45,12.2175,4.3792,75.34,88,100,8.28,moderate rain
442,Taoudenni,ML,2021-09-15 02:13:45,22.6783,-3.9836,96.75,16,21,4.99,few clouds
443,Bilma,NE,2021-09-15 02:13:45,18.6853,12.9164,89.65,19,0,6.8,clear sky
444,Shache,CN,2021-09-15 02:13:46,38.4167,77.2406,71.49,29,56,5.14,broken clouds
445,Lompoc,US,2021-09-15 02:13:46,34.6391,-120.4579,72.1,82,1,8.05,haze
446,Teya,RU,2021-09-15 02:13:46,60.3778,92.6267,38.88,88,100,5.28,overcast clouds
447,Suntar,RU,2021-09-15 02:13:47,62.1444,117.6319,50.83,55,84,9.73,broken clouds
448,Buncrana,IE,2021-09-15 02:13:47,55.1333,-7.45,53.76,97,77,2.84,broken clouds
449,Hopkinsville,US,2021-09-15 02:13:47,36.8656,-87.4886,76.55,99,85,6.11,overcast clouds
450,Saint-Joseph,RE,2021-09-15 02:13:48,-21.3667,55.6167,66.58,78,30,3.04,scattered clouds
451,Shingu,JP,2021-09-15 02:13:48,33.7333,135.9833,75.9,92,100,6.31,overcast clouds
452,Mogadishu,SO,2021-09-15 02:13:48,2.0371,45.3438,77.22,85,95,15.9,overcast clouds
453,Santa Rosa,PH,2021-09-15 02:11:43,14.3122,121.1114,90.09,68,79,4.52,broken clouds
454,Iglesias,IT,2021-09-15 02:13:49,39.3114,8.535,74.62,71,100,6.42,overcast clouds
455,Nadym,RU,2021-09-15 02:13:49,65.5333,72.5167,44.02,94,99,6.02,light rain
456,Orlik,RU,2021-09-15 02:13:49,52.5178,99.825,47.91,46,60,9.89,broken clouds
457,Karratha,AU,2021-09-15 02:13:50,-20.7377,116.8463,77.63,26,9,11.52,clear sky
458,Petropavlovsk-Kamchatskiy,RU,2021-09-15 02:13:50,53.0452,158.6483,57.79,44,0,6.71,clear sky
459,Codrington,AU,2021-09-15 02:13:50,-38.2667,141.9667,53.44,64,100,7.02,overcast clouds
460,Makhachkala,RU,2021-09-15 02:12:15,42.9764,47.5024,67.98,61,8,4.81,clear sky
461,Kaeo,NZ,2021-09-15 02:13:50,-35.1,173.7833,63.32,92,95,9.08,overcast clouds
462,Cabo Rojo,PR,2021-09-15 02:13:51,18.0866,-67.1457,83.73,89,77,6.33,broken clouds
463,Portland,US,2021-09-15 02:13:51,45.5234,-122.6762,79.61,50,20,1.99,few clouds
464,Voyvozh,RU,2021-09-15 02:13:51,62.892,54.9635,37.65,98,100,7.72,overcast clouds
465,Pong,TH,2021-09-15 02:13:52,19.1493,100.2752,77.34,96,100,2.24,overcast clouds
466,Nykoping,SE,2021-09-15 02:13:23,58.753,17.0079,51.66,87,0,0.0,clear sky
467,Mareeba,AU,2021-09-15 02:13:52,-17.0,145.4333,79.52,36,97,8.3,overcast clouds
468,Liwale,TZ,2021-09-15 02:13:52,-9.7667,37.9333,67.57,82,98,5.68,overcast clouds
469,Ternovskaya,RU,2021-09-15 02:13:52,45.8542,40.4086,65.7,59,10,3.96,clear sky
470,Gamba,GA,2021-09-15 02:13:53,-2.65,10.0,75.56,87,94,4.72,light rain
471,Ketchikan,US,2021-09-15 02:13:53,55.3422,-131.6461,54.07,62,20,6.91,light rain
472,Karpathos,GR,2021-09-15 02:13:53,35.507,27.2132,75.16,78,3,21.85,clear sky
473,Conakry,GN,2021-09-15 02:13:54,9.538,-13.6773,79.16,83,100,4.25,light rain
474,Churapcha,RU,2021-09-15 02:13:54,62.0025,132.4325,56.53,65,48,4.47,scattered clouds
475,Huarmey,PE,2021-09-15 02:13:54,-10.0681,-78.1522,62.58,83,99,10.89,overcast clouds
476,Chernyshevskiy,RU,2021-09-15 02:13:55,63.0128,112.4714,43.79,77,9,8.72,clear sky
477,Dudinka,RU,2021-09-15 02:13:55,69.4058,86.1778,40.95,89,100,10.27,light rain
478,Hongjiang,CN,2021-09-15 02:13:55,27.11,109.9956,85.53,61,55,1.5,broken clouds
479,Sao Joao Da Barra,BR,2021-09-15 02:13:55,-21.6403,-41.0511,73.83,87,2,17.27,clear sky
480,Kouqian,CN,2021-09-15 02:13:56,43.6391,126.4578,66.78,59,92,6.11,overcast clouds
481,Iroquois Falls,CA,2021-09-15 02:13:56,48.7669,-80.6831,50.14,98,100,13.8,overcast clouds
482,Malhargarh,IN,2021-09-15 02:13:56,24.2833,74.9833,76.44,92,5,6.69,clear sky
483,Orchard Homes,US,2021-09-15 02:13:57,46.8633,-114.0484,66.34,40,75,3.0,broken clouds
484,Sistranda,NO,2021-09-15 02:13:57,63.7256,8.834,52.9,78,16,7.0,few clouds
485,Andijon,UZ,2021-09-15 02:13:57,40.7821,72.3442,65.48,21,0,4.54,clear sky
486,Codajas,BR,2021-09-15 02:13:58,-3.8367,-62.0569,77.56,73,46,1.81,scattered clouds
487,Hirara,JP,2021-09-15 02:13:58,24.8,125.2833,83.52,75,99,15.26,overcast clouds
488,Birjand,IR,2021-09-15 02:13:58,32.8663,59.2211,64.81,12,0,7.81,clear sky
489,Xinmin,CN,2021-09-15 02:13:58,41.9908,122.8253,70.05,58,91,5.99,overcast clouds
490,Marabba,SD,2021-09-15 02:13:59,12.35,32.1833,76.42,77,94,6.6,overcast clouds
491,Nantucket,US,2021-09-15 02:13:59,41.2835,-70.0995,68.11,80,1,12.66,clear sky
492,Mehamn,NO,2021-09-15 02:14:00,71.0357,27.8492,41.56,80,100,4.81,overcast clouds
493,Zyryanka,RU,2021-09-15 02:14:00,65.75,150.85,57.02,44,100,8.12,overcast clouds
494,Teguldet,RU,2021-09-15 02:14:00,57.3064,88.1667,39.31,90,100,4.52,overcast clouds
495,Hopelchen,MX,2021-09-15 02:14:00,19.7667,-89.85,81.68,57,74,3.44,broken clouds
496,Kloulklubed,PW,2021-09-15 02:14:01,7.0419,134.2556,83.48,70,98,5.77,overcast clouds
497,Businga,CD,2021-09-15 02:14:01,3.3333,20.8833,68.92,98,100,1.32,light rain
498,Paredon,MX,2021-09-15 02:14:01,16.0333,-93.8667,80.56,81,46,1.99,scattered clouds
499,Tarakan,ID,2021-09-15 02:09:51,3.3,117.6333,81.9,83,40,6.91,scattered clouds
500,Huilong,CN,2021-09-15 02:14:02,31.8111,121.655,81.03,88,100,20.07,overcast clouds
501,Winnemucca,US,2021-09-15 02:14:02,40.973,-117.7357,78.85,12,1,3.44,clear sky
502,Khash,IR,2021-09-15 02:14:02,28.2211,61.2158,66.94,12,0,2.98,clear sky
503,Aktau,KZ,2021-09-15 02:14:02,43.65,51.2,61.38,53,0,10.94,clear sky
504,Elko,US,2021-09-15 02:14:03,41.0002,-115.5012,74.64,12,0,3.0,clear sky
505,Montijo,PT,2021-09-15 02:14:03,38.7067,-8.9739,67.53,93,20,0.0,few clouds
506,Kautokeino,NO,2021-09-15 02:14:03,69.0125,23.0412,36.32,93,100,2.19,overcast clouds
507,Qusar,AZ,2021-09-15 02:14:03,41.4273,48.4289,61.61,71,0,5.37,clear sky
508,Sawtell,AU,2021-09-15 02:14:04,-30.3833,153.1,67.19,48,75,20.71,broken clouds
509,Lahij,YE,2021-09-15 02:14:04,13.1667,44.5833,86.94,55,75,4.34,broken clouds
510,Shaoyang,CN,2021-09-15 02:14:04,27.2315,111.4525,83.97,59,35,2.17,scattered clouds
511,Kurilsk,RU,2021-09-15 02:14:05,45.2333,147.8833,56.17,66,42,11.12,scattered clouds
512,Nenjiang,CN,2021-09-15 02:14:05,49.1833,125.2167,59.09,80,100,7.87,overcast clouds
513,Greensboro,US,2021-09-15 02:11:05,36.0726,-79.792,75.97,71,1,8.05,clear sky
514,Kefamenanu,ID,2021-09-15 02:14:05,-9.4467,124.4781,88.14,41,90,9.53,overcast clouds
515,Almaznyy,RU,2021-09-15 02:14:06,48.0448,40.045,55.54,62,42,7.16,scattered clouds
516,Sa Kaeo,TH,2021-09-15 02:14:06,13.75,102.3333,77.2,89,100,8.21,moderate rain
517,Thiruvananthapuram,IN,2021-09-15 02:14:06,8.4833,76.9167,80.58,89,40,3.44,haze
518,Tomatlan,MX,2021-09-15 02:14:07,19.9333,-105.25,75.18,94,100,1.19,overcast clouds
519,Ostersund,SE,2021-09-15 02:14:07,63.1792,14.6357,37.85,100,25,2.3,scattered clouds
520,Kandrian,PG,2021-09-15 02:14:07,-6.2167,149.55,84.83,67,56,13.89,broken clouds
521,Killam,CA,2021-09-15 02:14:07,52.7834,-111.8518,59.47,46,100,8.88,overcast clouds
522,Fairbanks,US,2021-09-15 02:10:44,64.8378,-147.7164,60.76,44,1,6.91,clear sky
523,Kidal,ML,2021-09-15 02:14:08,18.4411,1.4078,86.25,43,74,12.66,broken clouds
524,Ocos,GT,2021-09-15 02:14:08,14.5094,-92.1933,82.31,79,18,6.31,few clouds
525,Hinton,CA,2021-09-15 02:13:09,53.4001,-117.5857,53.11,63,70,3.42,broken clouds
526,Sao Gabriel Da Cachoeira,BR,2021-09-15 02:14:08,-0.1303,-67.0892,71.94,98,83,2.68,broken clouds
527,Coquimbo,CL,2021-09-15 02:14:09,-29.9533,-71.3436,53.33,82,0,1.14,clear sky
528,Cardston,CA,2021-09-15 02:14:09,49.2,-113.3019,64.45,35,97,5.57,overcast clouds
529,Odweyne,SO,2021-09-15 02:14:09,9.4092,45.064,75.81,47,100,13.15,overcast clouds
530,The Valley,AI,2021-09-15 02:14:09,18.217,-63.0578,83.1,79,99,17.2,overcast clouds
531,Vrede,ZA,2021-09-15 02:14:10,-27.4257,29.1659,54.28,33,0,1.86,clear sky
532,Queanbeyan,AU,2021-09-15 02:14:10,-35.35,149.2333,59.18,48,75,4.61,broken clouds
533,Hay River,CA,2021-09-15 02:14:10,60.8156,-115.7999,55.33,61,100,4.7,overcast clouds
534,Volzhskiy,RU,2021-09-15 02:14:11,48.7858,44.7797,60.31,48,73,8.19,broken clouds
535,Belmonte,BR,2021-09-15 02:14:11,-15.8631,-38.8828,73.9,85,0,8.95,clear sky
536,La Rioja,ES,2021-09-15 02:14:11,42.25,-2.5,58.48,83,100,5.08,overcast clouds
537,Ulaanbaatar,MN,2021-09-15 02:10:59,47.9077,106.8832,53.73,76,40,2.24,scattered clouds
538,Rio Grande,BR,2021-09-15 02:14:12,-32.035,-52.0986,52.95,70,0,14.83,clear sky
539,Samagaltay,RU,2021-09-15 02:14:12,50.6022,95.0047,52.66,36,84,2.1,broken clouds
540,Jardim,BR,2021-09-15 02:14:12,-21.4803,-56.1381,74.19,82,20,7.45,few clouds
541,Tahe,CN,2021-09-15 02:14:12,52.3333,124.7333,59.41,69,100,4.59,overcast clouds
542,Aksarka,RU,2021-09-15 02:14:13,66.5606,67.7975,43.66,93,100,8.52,overcast clouds
543,Kasangulu,CD,2021-09-15 02:14:13,-4.5911,15.1708,75.63,70,5,4.99,clear sky
544,Uribia,CO,2021-09-15 02:14:13,11.7139,-72.266,85.96,60,82,10.33,broken clouds
545,Morant Bay,JM,2021-09-15 02:14:14,17.8815,-76.4093,78.62,81,88,4.65,overcast clouds
546,Cecina,IT,2021-09-15 02:14:14,43.3128,10.524,68.34,75,100,2.71,light rain
547,Caravelas,BR,2021-09-15 02:14:14,-17.7125,-39.2481,73.85,84,2,9.13,clear sky
548,Taunggyi,MM,2021-09-15 02:14:14,20.7833,97.0333,66.76,86,99,1.61,overcast clouds
549,Mayo,US,2021-09-15 02:14:15,38.8876,-76.5119,80.91,88,1,7.0,clear sky
550,Oum Hadjer,TD,2021-09-15 02:14:15,13.2954,19.6966,77.16,71,100,1.12,overcast clouds
551,Cururupu,BR,2021-09-15 02:13:19,-1.8283,-44.8683,74.32,94,5,2.19,clear sky
552,Blagoyevo,RU,2021-09-15 02:14:15,63.3667,47.9167,35.76,98,100,6.85,overcast clouds
553,Koksovyy,RU,2021-09-15 02:14:16,48.1967,40.5989,64.02,60,58,6.73,broken clouds
554,Kavieng,PG,2021-09-15 02:14:16,-2.5744,150.7967,82.15,78,60,18.12,moderate rain
555,Oudtshoorn,ZA,2021-09-15 02:14:16,-33.5907,22.2014,51.24,88,94,5.46,light rain
556,Ust-Nera,RU,2021-09-15 02:14:17,64.5667,143.2,55.99,55,82,4.61,broken clouds
557,Fort Morgan,US,2021-09-15 02:13:51,40.2503,-103.8,70.45,49,1,9.22,clear sky
558,Virovitica,HR,2021-09-15 02:14:17,45.8319,17.3839,64.02,63,1,2.08,clear sky
559,Nhulunbuy,AU,2021-09-15 02:14:17,-12.2333,136.7667,86.61,58,75,14.97,broken clouds
560,Harrisonburg,US,2021-09-15 02:14:18,38.4496,-78.8689,75.09,91,1,0.0,clear sky
561,Sabzevar,IR,2021-09-15 02:14:18,36.2126,57.6819,74.35,13,0,5.12,clear sky
562,Shubarkuduk,KZ,2021-09-15 02:14:18,49.1447,56.4872,58.59,60,75,7.14,broken clouds
563,Bognor Regis,GB,2021-09-15 02:14:18,50.7821,-0.6798,61.41,92,47,10.42,scattered clouds
564,Terme,TR,2021-09-15 02:14:19,41.2092,36.9739,67.93,81,100,7.0,overcast clouds
565,Manokwari,ID,2021-09-15 02:14:20,-0.8667,134.0833,83.68,69,100,6.98,overcast clouds
566,Koboko,UG,2021-09-15 02:14:20,3.4136,30.9599,61.93,93,50,2.82,scattered clouds
567,Northam,GB,2021-09-15 02:14:20,51.0333,-4.2167,59.4,96,3,0.87,clear sky
568,Serro,BR,2021-09-15 02:14:20,-18.6047,-43.3794,68.16,34,46,2.04,scattered clouds
569,Along,IN,2021-09-15 02:14:21,28.1667,94.7667,80.96,71,48,0.47,scattered clouds
570,Porto Murtinho,BR,2021-09-15 02:14:21,-21.6989,-57.8825,69.96,75,87,8.55,overcast clouds
571,Mufulira,ZM,2021-09-15 02:14:21,-12.5498,28.2407,67.06,40,98,7.31,overcast clouds
572,Seymchan,RU,2021-09-15 02:14:22,62.8833,152.4333,58.32,39,62,3.96,broken clouds
573,Bordighera,IT,2021-09-15 02:14:22,43.7806,7.6645,74.95,87,100,7.47,overcast clouds
574,Rosetta,EG,2021-09-15 02:14:22,31.4044,30.4164,75.49,74,6,8.66,clear sky
575,Lasa,IT,2021-09-15 02:14:23,46.6166,10.7002,62.02,91,100,3.06,overcast clouds
576,Reserva,BR,2021-09-15 02:14:23,-24.6503,-50.8506,63.32,99,97,1.83,overcast clouds
577,Eureka,US,2021-09-15 02:14:23,40.8021,-124.1637,61.18,75,2,1.99,clear sky
578,Kuala Terengganu,MY,2021-09-15 02:14:23,5.3302,103.1408,79.27,80,100,3.51,overcast clouds
579,Marrakesh,MA,2021-09-15 02:10:34,31.6315,-8.0083,68.07,73,75,5.75,broken clouds
580,Porto Walter,BR,2021-09-15 02:14:24,-8.2686,-72.7439,79.81,56,27,3.0,scattered clouds
581,Pilar,BR,2021-09-15 02:14:24,-9.5972,-35.9567,73.33,95,22,1.68,few clouds
582,Naron,ES,2021-09-15 02:14:24,43.5167,-8.1528,67.05,94,16,3.62,few clouds
583,Panguipulli,CL,2021-09-15 02:14:25,-39.6333,-72.3333,46.11,99,97,0.69,overcast clouds
584,Takoradi,GH,2021-09-15 02:14:25,4.8845,-1.7554,74.66,91,92,5.73,overcast clouds
585,Opuwo,NA,2021-09-15 02:14:25,-18.0607,13.84,63.46,37,0,4.23,clear sky
586,Piterka,RU,2021-09-15 02:14:25,50.6803,47.4454,64.65,58,99,7.2,overcast clouds
587,Libreville,GA,2021-09-15 02:14:26,0.3925,9.4537,78.82,89,75,8.05,light rain
588,Shihezi,CN,2021-09-15 02:14:26,44.3,86.0333,70.03,28,2,4.25,clear sky
589,Parauna,BR,2021-09-15 02:14:26,-16.9478,-50.4486,80.13,24,61,3.13,broken clouds
590,Goderich,CA,2021-09-15 02:12:17,43.7501,-81.7165,68.92,88,100,18.75,moderate rain
591,Asilah,MA,2021-09-15 02:14:27,35.465,-6.0348,71.56,88,1,14.29,light rain
592,Laela,TZ,2021-09-15 02:14:27,-8.5667,32.05,61.7,59,10,1.36,clear sky
593,Leh,IN,2021-09-15 02:14:27,34.1667,77.5833,55.36,34,0,3.27,clear sky
594,Itupiranga,BR,2021-09-15 02:14:27,-5.1347,-49.3267,79.68,64,61,3.62,broken clouds
595,Nanortalik,GL,2021-09-15 02:14:28,60.1432,-45.2371,37.99,80,15,8.48,few clouds
596,Halmstad,SE,2021-09-15 02:14:28,56.6745,12.8568,57.02,94,90,4.61,overcast clouds
597,Gualeguay,AR,2021-09-15 02:14:28,-33.1416,-59.3097,47.08,63,0,5.39,clear sky
598,Wiarton,CA,2021-09-15 02:14:28,44.7407,-81.1332,66.24,82,39,17.27,scattered clouds
599,Palaikastron,GR,2021-09-15 02:14:29,35.2,26.25,74.16,73,10,20.42,clear sky
600,Puno,PE,2021-09-15 02:14:29,-15.8333,-70.0333,47.35,65,92,3.62,overcast clouds
601,Katubao,PH,2021-09-15 02:14:29,5.8892,124.8294,83.34,72,100,5.08,overcast clouds
602,Kyren,RU,2021-09-15 02:14:30,51.6828,102.1408,52.83,59,46,2.64,scattered clouds
603,Kuytun,RU,2021-09-15 02:14:30,54.3419,101.5036,46.13,71,98,9.62,overcast clouds
604,Solnechnyy,RU,2021-09-15 02:14:30,50.7214,136.6319,63.61,50,25,4.7,scattered clouds
605,Luau,AO,2021-09-15 02:14:31,-10.7073,22.2247,70.65,45,72,2.08,broken clouds
606,Wanning,CN,2021-09-15 02:14:31,18.8003,110.3967,85.24,74,100,11.18,overcast clouds
607,Huangzhai,CN,2021-09-15 02:14:31,38.0751,112.6595,73.81,63,97,6.33,overcast clouds
608,Lodja,CD,2021-09-15 02:14:31,-3.4833,23.4333,69.37,80,68,2.08,broken clouds
609,Arrifes,PT,2021-09-15 02:14:32,37.7667,-25.7,64.65,82,20,5.75,few clouds
610,Nyurba,RU,2021-09-15 02:14:32,63.2842,118.3319,45.97,79,100,10.42,overcast clouds
611,Kruisfontein,ZA,2021-09-15 02:14:32,-34.0033,24.7314,54.88,75,100,14.9,overcast clouds
612,Xanlar,AZ,2021-09-15 02:14:33,40.5869,46.3158,60.31,88,40,6.91,scattered clouds
613,Tulagi,SB,2021-09-15 02:14:33,-9.0996,160.1476,82.38,75,99,17.81,overcast clouds
614,Matamoros,MX,2021-09-15 02:14:33,25.5333,-103.25,89.71,31,75,0.0,broken clouds
615,Schwyz,CH,2021-09-15 02:14:34,47.0279,8.6561,65.73,75,100,4.94,light rain
616,Henties Bay,NA,2021-09-15 02:14:34,-22.116,14.2845,48.85,90,0,11.63,clear sky
617,Krasnyy Chikoy,RU,2021-09-15 02:14:34,50.3643,108.7512,55.58,77,66,2.68,broken clouds
618,Menongue,AO,2021-09-15 02:14:34,-14.6585,17.691,63.48,26,78,0.56,broken clouds
619,Bubaque,GW,2021-09-15 02:14:35,11.2833,-15.8333,80.42,82,9,9.69,clear sky
620,Najran,SA,2021-09-15 02:14:35,17.4924,44.1277,74.59,19,16,4.47,few clouds
621,Quipile,CO,2021-09-15 02:14:35,4.7481,-74.5631,58.14,87,93,4.88,overcast clouds
622,Scarborough,GB,2021-09-15 02:11:25,54.2797,-0.4044,56.77,92,100,5.68,overcast clouds
623,Mbarara,UG,2021-09-15 02:14:36,-0.608,30.65,64.69,76,96,2.1,overcast clouds
624,Olafsvik,IS,2021-09-15 02:14:36,64.8945,-23.7142,48.51,74,100,20.87,overcast clouds
625,Poum,NC,2021-09-15 02:14:36,-20.2333,164.0167,75.33,84,19,11.77,few clouds
626,Aken,DE,2021-09-15 02:09:52,50.7766,6.0834,65.93,94,100,4.65,moderate rain
627,Pokrovsk,UA,2021-09-15 02:14:37,48.282,37.1758,61.18,64,73,8.59,broken clouds
628,Okitipupa,NG,2021-09-15 02:14:37,6.5047,4.7839,72.37,98,30,0.18,scattered clouds
629,Iqaluit,CA,2021-09-15 02:14:37,63.7506,-68.5145,34.92,66,100,1.59,overcast clouds
630,Tacuarembo,UY,2021-09-15 02:12:26,-31.7333,-55.9833,46.92,75,0,6.67,clear sky
631,Kifri,IQ,2021-09-15 02:14:38,34.6959,44.9661,80.92,23,0,10.83,clear sky
632,Statesville,US,2021-09-15 02:11:44,35.7826,-80.8873,74.64,59,1,0.0,clear sky
633,Slave Lake,CA,2021-09-15 02:14:38,55.2834,-114.769,53.65,69,98,1.72,overcast clouds
634,Salinas,US,2021-09-15 02:11:42,36.6777,-121.6555,74.61,79,90,10.36,overcast clouds
635,Zhuhai,CN,2021-09-15 02:14:38,22.2769,113.5678,90.05,66,20,3.44,few clouds
636,Mtwara,TZ,2021-09-15 02:14:39,-10.2667,40.1833,69.01,90,15,4.47,few clouds
637,Claremore,US,2021-09-15 02:14:36,36.3126,-95.6161,83.37,61,1,3.0,clear sky
638,Marsa Matruh,EG,2021-09-15 02:14:39,31.3525,27.2453,75.36,66,0,10.58,clear sky
639,Marathon,US,2021-09-15 02:14:39,44.9,-89.7668,59.68,91,40,5.75,scattered clouds
640,Luanda,AO,2021-09-15 02:12:05,-8.8368,13.2343,72.32,92,81,9.46,broken clouds
641,Grindavik,IS,2021-09-15 02:14:40,63.8424,-22.4338,46.87,76,75,14.97,broken clouds
642,Boffa,GN,2021-09-15 02:14:40,10.1667,-14.0333,75.79,93,85,1.21,light rain
643,Hualmay,PE,2021-09-15 02:14:40,-11.0964,-77.6139,61.34,83,56,11.14,broken clouds
644,Kisangani,CD,2021-09-15 02:14:41,0.5167,25.2,69.06,99,100,3.18,overcast clouds
645,Sao Jose Dos Pinhais,BR,2021-09-15 02:14:41,-25.5347,-49.2064,64.72,88,0,8.05,clear sky
646,Bandarbeyla,SO,2021-09-15 02:14:41,9.4942,50.8122,78.87,73,96,22.06,overcast clouds
647,Zasheyek,RU,2021-09-15 02:14:41,67.4066,32.5499,38.7,87,100,9.71,overcast clouds
648,Point Fortin,TT,2021-09-15 02:14:42,10.1833,-61.6833,82.15,81,0,12.97,clear sky
649,Discovery Bay,US,2021-09-15 02:14:42,37.9085,-121.6002,91.67,27,1,13.8,clear sky
650,Santa Cruz,BO,2021-09-15 02:11:10,-17.8,-63.1667,66.43,53,44,13.56,scattered clouds
651,Caraballeda,VE,2021-09-15 02:14:42,10.6112,-66.8522,78.87,83,75,5.75,broken clouds
